[
  {
    "序号": 1,
    "名称": "布布种子",
    "体力": 55,
    "攻击": 69,
    "特攻": 45,
    "防御": 65,
    "特防": 55,
    "速度": 31,
    "总和": 320,
    "学习力掉落": "攻击+1"
  },
  {
    "序号": 2,
    "名称": "布布草",
    "体力": 75,
    "攻击": 89,
    "特攻": 55,
    "防御": 85,
    "特防": 65,
    "速度": 41,
    "总和": 410,
    "学习力掉落": "攻击+1防御+1"
  },
  {
    "序号": 3,
    "名称": "布布花",
    "体力": 95,
    "攻击": 109,
    "特攻": 75,
    "防御": 105,
    "特防": 85,
    "速度": 56,
    "总和": 525,
    "学习力掉落": "攻击+2防御+1"
  },
  {
    "序号": 4,
    "名称": "伊优",
    "体力": 53,
    "攻击": 51,
    "特攻": 61,
    "防御": 53,
    "特防": 56,
    "速度": 40,
    "总和": 314,
    "学习力掉落": "特攻+1"
  },
  {
    "序号": 5,
    "名称": "尤里安",
    "体力": 64,
    "攻击": 66,
    "特攻": 81,
    "防御": 68,
    "特防": 76,
    "速度": 50,
    "总和": 405,
    "学习力掉落": "特攻+2"
  },
  {
    "序号": 6,
    "名称": "巴鲁斯",
    "体力": 84,
    "攻击": 86,
    "特攻": 111,
    "防御": 88,
    "特防": 101,
    "速度": 65,
    "总和": 535,
    "学习力掉落": "特攻+3"
  },
  {
    "序号": 7,
    "名称": "小火猴",
    "体力": 44,
    "攻击": 58,
    "特攻": 58,
    "防御": 44,
    "特防": 44,
    "速度": 61,
    "总和": 309,
    "学习力掉落": "速度+1"
  },
  {
    "序号": 8,
    "名称": "烈火猴",
    "体力": 64,
    "攻击": 78,
    "特攻": 78,
    "防御": 52,
    "特防": 52,
    "速度": 81,
    "总和": 405,
    "学习力掉落": "特攻+1速度+1"
  },
  {
    "序号": 9,
    "名称": "烈焰猩猩",
    "体力": 76,
    "攻击": 104,
    "特攻": 104,
    "防御": 71,
    "特防": 71,
    "速度": 108,
    "总和": 534,
    "学习力掉落": "攻击+1特攻+1速度+1"
  },
  {
    "序号": 10,
    "名称": "皮皮",
    "体力": 40,
    "攻击": 55,
    "特攻": 30,
    "防御": 30,
    "特防": 30,
    "速度": 60,
    "总和": 245,
    "学习力掉落": "攻击+1"
  },
  {
    "序号": 11,
    "名称": "比波",
    "体力": 55,
    "攻击": 75,
    "特攻": 40,
    "防御": 50,
    "特防": 40,
    "速度": 80,
    "总和": 340,
    "学习力掉落": "攻击+2"
  },
  {
    "序号": 12,
    "名称": "波克尔",
    "体力": 85,
    "攻击": 120,
    "特攻": 50,
    "防御": 70,
    "特防": 55,
    "速度": 100,
    "总和": 480,
    "学习力掉落": "攻击+3"
  },
  {
    "序号": 13,
    "名称": "比比鼠",
    "体力": 45,
    "攻击": 65,
    "特攻": 40,
    "防御": 34,
    "特防": 34,
    "速度": 45,
    "总和": 263,
    "学习力掉落": "攻击+1"
  },
  {
    "序号": 14,
    "名称": "闪电鼠",
    "体力": 60,
    "攻击": 85,
    "特攻": 60,
    "防御": 49,
    "特防": 49,
    "速度": 60,
    "总和": 363,
    "学习力掉落": "攻击+2"
  },
  {
    "序号": 15,
    "名称": "天雷鼠",
    "体力": 80,
    "攻击": 120,
    "特攻": 95,
    "防御": 79,
    "特防": 78,
    "速度": 70,
    "总和": 522,
    "学习力掉落": "攻击+3"
  },
  {
    "序号": 16,
    "名称": "仙人球",
    "体力": 45,
    "攻击": 49,
    "特攻": 65,
    "防御": 49,
    "特防": 65,
    "速度": 45,
    "总和": 318,
    "学习力掉落": "特攻+1"
  },
  {
    "序号": 17,
    "名称": "仙人掌",
    "体力": 60,
    "攻击": 62,
    "特攻": 80,
    "防御": 63,
    "特防": 80,
    "速度": 60,
    "总和": 405,
    "学习力掉落": "特攻+1特防+1"
  },
  {
    "序号": 18,
    "名称": "巨型仙人掌",
    "体力": 80,
    "攻击": 82,
    "特攻": 100,
    "防御": 83,
    "特防": 100,
    "速度": 80,
    "总和": 525,
    "学习力掉落": "特攻+2特防+2"
  },
  {
    "序号": 19,
    "名称": "利利",
    "体力": 55,
    "攻击": 40,
    "特攻": 65,
    "防御": 40,
    "特防": 45,
    "速度": 35,
    "总和": 280,
    "学习力掉落": "特攻+1"
  },
  {
    "序号": 20,
    "名称": "绵绵",
    "体力": 70,
    "攻击": 55,
    "特攻": 80,
    "防御": 55,
    "特防": 65,
    "速度": 45,
    "总和": 370,
    "学习力掉落": "特攻+2"
  },
  {
    "序号": 21,
    "名称": "电击兔",
    "体力": 90,
    "攻击": 75,
    "特攻": 115,
    "防御": 75,
    "特防": 90,
    "速度": 55,
    "总和": 500,
    "学习力掉落": "特攻+3"
  },
  {
    "序号": 22,
    "名称": "毛毛",
    "体力": 40,
    "攻击": 45,
    "特攻": 40,
    "防御": 40,
    "特防": 35,
    "速度": 61,
    "总和": 261,
    "学习力掉落": "速度+1"
  },
  {
    "序号": 23,
    "名称": "卡洛",
    "体力": 63,
    "攻击": 60,
    "特攻": 60,
    "防御": 55,
    "特防": 50,
    "速度": 76,
    "总和": 364,
    "学习力掉落": "速度+2"
  },
  {
    "序号": 24,
    "名称": "巴洛卡",
    "体力": 83,
    "攻击": 80,
    "特攻": 95,
    "防御": 75,
    "特防": 70,
    "速度": 96,
    "总和": 499,
    "学习力掉落": "速度+3"
  },
  {
    "序号": 25,
    "名称": "幽浮",
    "体力": 40,
    "攻击": 60,
    "特攻": 31,
    "防御": 30,
    "特防": 31,
    "速度": 70,
    "总和": 262,
    "学习力掉落": "速度+1"
  },
  {
    "序号": 26,
    "名称": "哈尔浮",
    "体力": 70,
    "攻击": 100,
    "特攻": 56,
    "防御": 70,
    "特防": 61,
    "速度": 100,
    "总和": 457,
    "学习力掉落": "速度+2"
  },
  {
    "序号": 27,
    "名称": "小豆芽",
    "体力": 50,
    "攻击": 75,
    "特攻": 70,
    "防御": 35,
    "特防": 30,
    "速度": 40,
    "总和": 300,
    "学习力掉落": "攻击+1"
  },
  {
    "序号": 28,
    "名称": "叮叮",
    "体力": 65,
    "攻击": 90,
    "特攻": 85,
    "防御": 50,
    "特防": 45,
    "速度": 55,
    "总和": 390,
    "学习力掉落": "攻击+2"
  },
  {
    "序号": 29,
    "名称": "魔花仙子",
    "体力": 80,
    "攻击": 115,
    "特攻": 100,
    "防御": 65,
    "特防": 60,
    "速度": 70,
    "总和": 490,
    "学习力掉落": "攻击+3"
  },
  {
    "序号": 30,
    "名称": "贝尔",
    "体力": 44,
    "攻击": 48,
    "特攻": 50,
    "防御": 65,
    "特防": 64,
    "速度": 43,
    "总和": 314,
    "学习力掉落": "防御+1"
  },
  {
    "序号": 31,
    "名称": "阿布",
    "体力": 59,
    "攻击": 63,
    "特攻": 65,
    "防御": 80,
    "特防": 80,
    "速度": 58,
    "总和": 405,
    "学习力掉落": "防御+1特防+1"
  },
  {
    "序号": 32,
    "名称": "巴拉龟",
    "体力": 79,
    "攻击": 83,
    "特攻": 85,
    "防御": 100,
    "特防": 105,
    "速度": 78,
    "总和": 530,
    "学习力掉落": "特防+3"
  },
  {
    "序号": 33,
    "名称": "利牙鱼",
    "体力": 45,
    "攻击": 85,
    "特攻": 65,
    "防御": 20,
    "特防": 20,
    "速度": 65,
    "总和": 300,
    "学习力掉落": "攻击+1"
  },
  {
    "序号": 34,
    "名称": "钢牙鲨",
    "体力": 70,
    "攻击": 120,
    "特攻": 95,
    "防御": 50,
    "特防": 50,
    "速度": 95,
    "总和": 480,
    "学习力掉落": "攻击+2"
  },
  {
    "序号": 35,
    "名称": "吉尔",
    "体力": 39,
    "攻击": 52,
    "特攻": 60,
    "防御": 43,
    "特防": 50,
    "速度": 65,
    "总和": 309,
    "学习力掉落": "速度+1"
  },
  {
    "序号": 36,
    "名称": "里诺",
    "体力": 58,
    "攻击": 64,
    "特攻": 80,
    "防御": 58,
    "特防": 65,
    "速度": 80,
    "总和": 405,
    "学习力掉落": "特攻+1速度+1"
  },
  {
    "序号": 37,
    "名称": "洛吉拉斯",
    "体力": 78,
    "攻击": 84,
    "特攻": 109,
    "防御": 78,
    "特防": 85,
    "速度": 100,
    "总和": 534,
    "学习力掉落": "特攻+3"
  },
  {
    "序号": 38,
    "名称": "火炎贝",
    "体力": 52,
    "攻击": 55,
    "特攻": 60,
    "防御": 58,
    "特防": 54,
    "速度": 38,
    "总和": 317,
    "学习力掉落": "特防+1"
  },
  {
    "序号": 39,
    "名称": "贝拉米",
    "体力": 67,
    "攻击": 70,
    "特攻": 70,
    "防御": 73,
    "特防": 69,
    "速度": 45,
    "总和": 394,
    "学习力掉落": "防御+1特防+1"
  },
  {
    "序号": 40,
    "名称": "贝尔鲁斯",
    "体力": 92,
    "攻击": 85,
    "特攻": 85,
    "防御": 93,
    "特防": 89,
    "速度": 55,
    "总和": 499,
    "学习力掉落": "体力+1防御+1特防+1"
  },
  {
    "序号": 41,
    "名称": "胡里亚",
    "体力": 38,
    "攻击": 41,
    "特攻": 50,
    "防御": 40,
    "特防": 65,
    "速度": 55,
    "总和": 289,
    "学习力掉落": "速度+1"
  },
  {
    "序号": 42,
    "名称": "里奥斯",
    "体力": 73,
    "攻击": 81,
    "特攻": 111,
    "防御": 75,
    "特防": 100,
    "速度": 100,
    "总和": 540,
    "学习力掉落": "特攻+1速度+1"
  },
  {
    "序号": 43,
    "名称": "罗奇",
    "体力": 20,
    "攻击": 40,
    "特攻": 35,
    "防御": 15,
    "特防": 35,
    "速度": 60,
    "总和": 205,
    "学习力掉落": "速度+1"
  },
  {
    "序号": 44,
    "名称": "基罗拉",
    "体力": 35,
    "攻击": 55,
    "特攻": 50,
    "防御": 30,
    "特防": 40,
    "速度": 90,
    "总和": 300,
    "学习力掉落": "速度+2"
  },
  {
    "序号": 45,
    "名称": "西萨琉拉",
    "体力": 70,
    "攻击": 90,
    "特攻": 100,
    "防御": 55,
    "特防": 80,
    "速度": 100,
    "总和": 495,
    "学习力掉落": "速度+3"
  },
  {
    "序号": 46,
    "名称": "小蘑菇",
    "体力": 50,
    "攻击": 45,
    "特攻": 45,
    "防御": 50,
    "特防": 55,
    "速度": 30,
    "总和": 275,
    "学习力掉落": "特防+1"
  },
  {
    "序号": 47,
    "名称": "蘑菇怪",
    "体力": 90,
    "攻击": 85,
    "特攻": 85,
    "防御": 90,
    "特防": 95,
    "速度": 60,
    "总和": 505,
    "学习力掉落": "防御+1特防+1"
  },
  {
    "序号": 48,
    "名称": "索拉",
    "体力": 54,
    "攻击": 56,
    "特攻": 65,
    "防御": 48,
    "特防": 53,
    "速度": 51,
    "总和": 327,
    "学习力掉落": "特攻+1"
  },
  {
    "序号": 49,
    "名称": "赫拉丝",
    "体力": 69,
    "攻击": 76,
    "特攻": 90,
    "防御": 63,
    "特防": 73,
    "速度": 66,
    "总和": 437,
    "学习力掉落": "攻击+1特攻+1速度+1"
  },
  {
    "序号": 50,
    "名称": "阿克希亚",
    "体力": 89,
    "攻击": 101,
    "特攻": 120,
    "防御": 83,
    "特防": 93,
    "速度": 86,
    "总和": 572,
    "学习力掉落": "攻击+1特攻+2"
  },
  {
    "序号": 51,
    "名称": "玄冰兽",
    "体力": 50,
    "攻击": 67,
    "特攻": 52,
    "防御": 55,
    "特防": 42,
    "速度": 44,
    "总和": 310,
    "学习力掉落": "攻击+1"
  },
  {
    "序号": 52,
    "名称": "急冻兽",
    "体力": 75,
    "攻击": 112,
    "特攻": 87,
    "防御": 90,
    "特防": 67,
    "速度": 69,
    "总和": 500,
    "学习力掉落": "攻击+2"
  },
  {
    "序号": 53,
    "名称": "莫比",
    "体力": 53,
    "攻击": 66,
    "特攻": 35,
    "防御": 47,
    "特防": 40,
    "速度": 38,
    "总和": 279,
    "学习力掉落": "攻击+1"
  },
  {
    "序号": 54,
    "名称": "格格尔",
    "体力": 68,
    "攻击": 86,
    "特攻": 55,
    "防御": 67,
    "特防": 55,
    "速度": 53,
    "总和": 384,
    "学习力掉落": "攻击+2"
  },
  {
    "序号": 55,
    "名称": "鲁加斯",
    "体力": 88,
    "攻击": 111,
    "特攻": 75,
    "防御": 87,
    "特防": 75,
    "速度": 68,
    "总和": 504,
    "学习力掉落": "攻击+3"
  },
  {
    "序号": 56,
    "名称": "奇洛",
    "体力": 55,
    "攻击": 54,
    "特攻": 30,
    "防御": 55,
    "特防": 48,
    "速度": 33,
    "总和": 275,
    "学习力掉落": "体力+1"
  },
  {
    "序号": 57,
    "名称": "杰拉特",
    "体力": 75,
    "攻击": 74,
    "特攻": 40,
    "防御": 70,
    "特防": 68,
    "速度": 48,
    "总和": 375,
    "学习力掉落": "体力+2"
  },
  {
    "序号": 58,
    "名称": "塔奇拉顿",
    "体力": 100,
    "攻击": 99,
    "特攻": 50,
    "防御": 90,
    "特防": 88,
    "速度": 63,
    "总和": 490,
    "学习力掉落": "体力+3"
  },
  {
    "序号": 59,
    "名称": "西塔",
    "体力": 54,
    "攻击": 48,
    "特攻": 60,
    "防御": 46,
    "特防": 57,
    "速度": 45,
    "总和": 310,
    "学习力掉落": "特攻+1"
  },
  {
    "序号": 60,
    "名称": "铁达斯",
    "体力": 69,
    "攻击": 63,
    "特攻": 80,
    "防御": 66,
    "特防": 77,
    "速度": 60,
    "总和": 415,
    "学习力掉落": "特攻+1特防+1"
  },
  {
    "序号": 61,
    "名称": "雷吉欧斯",
    "体力": 89,
    "攻击": 83,
    "特攻": 110,
    "防御": 86,
    "特防": 97,
    "速度": 80,
    "总和": 545,
    "学习力掉落": "特攻+2特防+1"
  },
  {
    "序号": 62,
    "名称": "格林",
    "体力": 50,
    "攻击": 48,
    "特攻": 55,
    "防御": 42,
    "特防": 46,
    "速度": 45,
    "总和": 286,
    "学习力掉落": "特攻+1"
  },
  {
    "序号": 63,
    "名称": "格力姆",
    "体力": 65,
    "攻击": 63,
    "特攻": 75,
    "防御": 57,
    "特防": 61,
    "速度": 60,
    "总和": 381,
    "学习力掉落": "特攻+2"
  },
  {
    "序号": 64,
    "名称": "格鲁奇高",
    "体力": 85,
    "攻击": 83,
    "特攻": 105,
    "防御": 77,
    "特防": 81,
    "速度": 75,
    "总和": 506,
    "学习力掉落": "特攻+3"
  },
  {
    "序号": 65,
    "名称": "林克",
    "体力": 49,
    "攻击": 47,
    "特攻": 60,
    "防御": 43,
    "特防": 51,
    "速度": 55,
    "总和": 305,
    "学习力掉落": "特攻+1"
  },
  {
    "序号": 66,
    "名称": "林斯奇",
    "体力": 64,
    "攻击": 62,
    "特攻": 80,
    "防御": 58,
    "特防": 66,
    "速度": 75,
    "总和": 405,
    "学习力掉落": "特攻+1速度+1"
  },
  {
    "序号": 67,
    "名称": "布林克斯",
    "体力": 79,
    "攻击": 82,
    "特攻": 105,
    "防御": 78,
    "特防": 86,
    "速度": 95,
    "总和": 525,
    "学习力掉落": "特攻+2速度+1"
  },
  {
    "序号": 68,
    "名称": "米拉美",
    "体力": 50,
    "攻击": 55,
    "特攻": 60,
    "防御": 40,
    "特防": 43,
    "速度": 75,
    "总和": 323,
    "学习力掉落": "速度+1"
  },
  {
    "序号": 69,
    "名称": "提亚斯",
    "体力": 80,
    "攻击": 90,
    "特攻": 100,
    "防御": 75,
    "特防": 78,
    "速度": 105,
    "总和": 528,
    "学习力掉落": "特攻+1速度+1"
  },
  {
    "序号": 70,
    "名称": "雷伊",
    "体力": 71,
    "攻击": 108,
    "特攻": 101,
    "防御": 70,
    "特防": 77,
    "速度": 105,
    "总和": 532,
    "学习力掉落": "攻击+1速度+1"
  },
  {
    "序号": 71,
    "名称": "派派",
    "体力": 55,
    "攻击": 58,
    "特攻": 45,
    "防御": 50,
    "特防": 44,
    "速度": 46,
    "总和": 298,
    "学习力掉落": "攻击+1"
  },
  {
    "序号": 72,
    "名称": "派鲁克",
    "体力": 70,
    "攻击": 78,
    "特攻": 65,
    "防御": 70,
    "特防": 64,
    "速度": 61,
    "总和": 408,
    "学习力掉落": "攻击+2"
  },
  {
    "序号": 73,
    "名称": "派鲁基达",
    "体力": 90,
    "攻击": 108,
    "特攻": 85,
    "防御": 95,
    "特防": 84,
    "速度": 81,
    "总和": 543,
    "学习力掉落": "攻击+3"
  },
  {
    "序号": 74,
    "名称": "果冻鸭",
    "体力": 46,
    "攻击": 60,
    "特攻": 53,
    "防御": 47,
    "特防": 50,
    "速度": 45,
    "总和": 301,
    "学习力掉落": "攻击+1"
  },
  {
    "序号": 75,
    "名称": "波浪鸭",
    "体力": 61,
    "攻击": 80,
    "特攻": 73,
    "防御": 62,
    "特防": 65,
    "速度": 65,
    "总和": 406,
    "学习力掉落": "攻击+1特攻+1速度+1"
  },
  {
    "序号": 76,
    "名称": "水晶鸭",
    "体力": 81,
    "攻击": 110,
    "特攻": 98,
    "防御": 82,
    "特防": 85,
    "速度": 85,
    "总和": 541,
    "学习力掉落": "攻击+2特攻+1"
  },
  {
    "序号": 77,
    "名称": "尼尔",
    "体力": 49,
    "攻击": 48,
    "特攻": 65,
    "防御": 38,
    "特防": 40,
    "速度": 47,
    "总和": 287,
    "学习力掉落": "特攻+1"
  },
  {
    "序号": 78,
    "名称": "菲斯利",
    "体力": 64,
    "攻击": 68,
    "特攻": 85,
    "防御": 53,
    "特防": 55,
    "速度": 67,
    "总和": 392,
    "学习力掉落": "特攻+2"
  },
  {
    "序号": 79,
    "名称": "艾斯菲亚",
    "体力": 84,
    "攻击": 88,
    "特攻": 115,
    "防御": 73,
    "特防": 75,
    "速度": 87,
    "总和": 522,
    "学习力掉落": "特攻+3"
  },
  {
    "序号": 80,
    "名称": "帕诺",
    "体力": 49,
    "攻击": 55,
    "特攻": 56,
    "防御": 47,
    "特防": 45,
    "速度": 51,
    "总和": 303,
    "学习力掉落": "特攻+1"
  },
  {
    "序号": 81,
    "名称": "帕拉丝",
    "体力": 64,
    "攻击": 75,
    "特攻": 76,
    "防御": 62,
    "特防": 60,
    "速度": 66,
    "总和": 403,
    "学习力掉落": "攻击+1特攻+1"
  },
  {
    "序号": 82,
    "名称": "帕尔西丝",
    "体力": 84,
    "攻击": 100,
    "特攻": 106,
    "防御": 82,
    "特防": 80,
    "速度": 91,
    "总和": 543,
    "学习力掉落": "攻击+1特攻+1速度+1"
  },
  {
    "序号": 83,
    "名称": "依依",
    "体力": 48,
    "攻击": 60,
    "特攻": 62,
    "防御": 43,
    "特防": 44,
    "速度": 45,
    "总和": 302,
    "学习力掉落": "特攻+1"
  },
  {
    "序号": 84,
    "名称": "依丁丝",
    "体力": 68,
    "攻击": 75,
    "特攻": 77,
    "防御": 58,
    "特防": 59,
    "速度": 60,
    "总和": 397,
    "学习力掉落": "攻击+1特攻+1"
  },
  {
    "序号": 85,
    "名称": "依卡莱恩",
    "体力": 88,
    "攻击": 105,
    "特攻": 102,
    "防御": 78,
    "特防": 79,
    "速度": 80,
    "总和": 532,
    "学习力掉落": "攻击+2特攻+1"
  },
  {
    "序号": 85,
    "名称": "纳格",
    "体力": 55,
    "攻击": 48,
    "特攻": 40,
    "防御": 52,
    "特防": 50,
    "速度": 33,
    "总和": 278,
    "学习力掉落": "体力+1"
  },
  {
    "序号": 87,
    "名称": "纳奇鲁",
    "体力": 80,
    "攻击": 63,
    "特攻": 55,
    "防御": 72,
    "特防": 70,
    "速度": 43,
    "总和": 383,
    "学习力掉落": "体力+1防御+1"
  },
  {
    "序号": 88,
    "名称": "纳多雷",
    "体力": 110,
    "攻击": 83,
    "特攻": 75,
    "防御": 102,
    "特防": 100,
    "速度": 58,
    "总和": 528,
    "学习力掉落": "体力+1防御+1特防+1"
  },
  {
    "序号": 89,
    "名称": "迪达",
    "体力": 40,
    "攻击": 48,
    "特攻": 42,
    "防御": 55,
    "特防": 56,
    "速度": 49,
    "总和": 290,
    "学习力掉落": "特防+1"
  },
  {
    "序号": 90,
    "名称": "迪尔克",
    "体力": 80,
    "攻击": 88,
    "特攻": 77,
    "防御": 95,
    "特防": 96,
    "速度": 84,
    "总和": 520,
    "学习力掉落": "防御+1特防+1"
  },
  {
    "序号": 91,
    "名称": "悠悠",
    "体力": 75,
    "攻击": 85,
    "特攻": 80,
    "防御": 73,
    "特防": 72,
    "速度": 80,
    "总和": 465,
    "学习力掉落": "攻击+1"
  },
  {
    "序号": 92,
    "名称": "蝠迪",
    "体力": 82,
    "攻击": 107,
    "特攻": 90,
    "防御": 81,
    "特防": 82,
    "速度": 98,
    "总和": 540,
    "学习力掉落": "攻击+1速度+1"
  },
  {
    "序号": 93,
    "名称": "希拉",
    "体力": 79,
    "攻击": 90,
    "特攻": 103,
    "防御": 80,
    "特防": 90,
    "速度": 102,
    "总和": 544,
    "学习力掉落": "特攻+1速度+1"
  },
  {
    "序号": 94,
    "名称": "柯蓝",
    "体力": 85,
    "攻击": 106,
    "特攻": 91,
    "防御": 88,
    "特防": 86,
    "速度": 92,
    "总和": 548,
    "学习力掉落": "攻击+1速度+1"
  },
  {
    "序号": 95,
    "名称": "尼布",
    "体力": 85,
    "攻击": 78,
    "特攻": 41,
    "防御": 60,
    "特防": 68,
    "速度": 40,
    "总和": 372,
    "学习力掉落": "体力+1"
  },
  {
    "序号": 96,
    "名称": "尼斯克",
    "体力": 120,
    "攻击": 108,
    "特攻": 71,
    "防御": 90,
    "特防": 98,
    "速度": 65,
    "总和": 552,
    "学习力掉落": "体力+1攻击+1"
  },
  {
    "序号": 97,
    "名称": "鲁克",
    "体力": 55,
    "攻击": 46,
    "特攻": 62,
    "防御": 47,
    "特防": 51,
    "速度": 40,
    "总和": 301,
    "学习力掉落": "特攻+1"
  },
  {
    "序号": 98,
    "名称": "卡鲁加",
    "体力": 75,
    "攻击": 66,
    "特攻": 82,
    "防御": 62,
    "特防": 71,
    "速度": 50,
    "总和": 406,
    "学习力掉落": "特攻+2"
  },
  {
    "序号": 99,
    "名称": "卡尔加斯",
    "体力": 100,
    "攻击": 91,
    "特攻": 112,
    "防御": 82,
    "特防": 96,
    "速度": 65,
    "总和": 546,
    "学习力掉落": "体力+1特攻+2"
  },
  {
    "序号": 100,
    "名称": "卡西",
    "体力": 53,
    "攻击": 61,
    "特攻": 55,
    "防御": 58,
    "特防": 52,
    "速度": 60,
    "总和": 339,
    "学习力掉落": "攻击+1"
  },
  {
    "序号": 101,
    "名称": "卡尔特",
    "体力": 88,
    "攻击": 101,
    "特攻": 90,
    "防御": 93,
    "特防": 82,
    "速度": 90,
    "总和": 544,
    "学习力掉落": "攻击+2"
  },
  {
    "序号": 102,
    "名称": "奇塔",
    "体力": 56,
    "攻击": 61,
    "特攻": 47,
    "防御": 56,
    "特防": 45,
    "速度": 46,
    "总和": 311,
    "学习力掉落": "攻击+1"
  },
  {
    "序号": 103,
    "名称": "钢塔斯",
    "体力": 71,
    "攻击": 81,
    "特攻": 62,
    "防御": 71,
    "特防": 60,
    "速度": 61,
    "总和": 406,
    "学习力掉落": "攻击+1防御+1"
  },
  {
    "序号": 104,
    "名称": "雷吉姆斯",
    "体力": 91,
    "攻击": 111,
    "特攻": 87,
    "防御": 96,
    "特防": 80,
    "速度": 81,
    "总和": 546,
    "学习力掉落": "攻击+2防御+1"
  },
  {
    "序号": 105,
    "名称": "丁格",
    "体力": 56,
    "攻击": 48,
    "特攻": 49,
    "防御": 41,
    "特防": 43,
    "速度": 33,
    "总和": 270,
    "学习力掉落": "体力+1"
  },
  {
    "序号": 106,
    "名称": "丁加鲁",
    "体力": 81,
    "攻击": 63,
    "特攻": 69,
    "防御": 56,
    "特防": 58,
    "速度": 48,
    "总和": 375,
    "学习力掉落": "体力+2"
  },
  {
    "序号": 107,
    "名称": "丁鲁特",
    "体力": 116,
    "攻击": 88,
    "特攻": 99,
    "防御": 81,
    "特防": 83,
    "速度": 73,
    "总和": 540,
    "学习力掉落": "体力+3"
  },
  {
    "序号": 108,
    "名称": "布鲁",
    "体力": 47,
    "攻击": 44,
    "特攻": 56,
    "防御": 40,
    "特防": 46,
    "速度": 45,
    "总和": 278,
    "学习力掉落": "特攻+1"
  },
  {
    "序号": 109,
    "名称": "布鲁布",
    "体力": 67,
    "攻击": 59,
    "特攻": 81,
    "防御": 55,
    "特防": 66,
    "速度": 60,
    "总和": 388,
    "学习力掉落": "特攻+2"
  },
  {
    "序号": 110,
    "名称": "布鲁克克",
    "体力": 97,
    "攻击": 84,
    "特攻": 116,
    "防御": 80,
    "特防": 96,
    "速度": 85,
    "总和": 558,
    "学习力掉落": "体力+1特攻+2"
  },
  {
    "序号": 111,
    "名称": "雷格",
    "体力": 56,
    "攻击": 42,
    "特攻": 50,
    "防御": 55,
    "特防": 45,
    "速度": 40,
    "总和": 288,
    "学习力掉落": "体力+1"
  },
  {
    "序号": 112,
    "名称": "雷顿塔",
    "体力": 76,
    "攻击": 57,
    "特攻": 70,
    "防御": 70,
    "特防": 60,
    "速度": 55,
    "总和": 388,
    "学习力掉落": "体力+2"
  },
  {
    "序号": 113,
    "名称": "雷纳多",
    "体力": 106,
    "攻击": 82,
    "特攻": 100,
    "防御": 95,
    "特防": 85,
    "速度": 80,
    "总和": 548,
    "学习力掉落": "体力+2特攻+1"
  },
  {
    "序号": 114,
    "名称": "小树精",
    "体力": 50,
    "攻击": 40,
    "特攻": 52,
    "防御": 44,
    "特防": 47,
    "速度": 30,
    "总和": 263,
    "学习力掉落": "特攻+1"
  },
  {
    "序号": 115,
    "名称": "巨型树妖",
    "体力": 100,
    "攻击": 85,
    "特攻": 112,
    "防御": 89,
    "特防": 92,
    "速度": 55,
    "总和": 533,
    "学习力掉落": "体力+1特攻+1"
  },
  {
    "序号": 116,
    "名称": "卡卡",
    "体力": 51,
    "攻击": 56,
    "特攻": 49,
    "防御": 47,
    "特防": 48,
    "速度": 50,
    "总和": 301,
    "学习力掉落": "攻击+1"
  },
  {
    "序号": 117,
    "名称": "利兹",
    "体力": 66,
    "攻击": 76,
    "特攻": 69,
    "防御": 62,
    "特防": 63,
    "速度": 70,
    "总和": 406,
    "学习力掉落": "攻击+1速度+1"
  },
  {
    "序号": 118,
    "名称": "克洛亚",
    "体力": 86,
    "攻击": 106,
    "特攻": 94,
    "防御": 82,
    "特防": 83,
    "速度": 95,
    "总和": 546,
    "学习力掉落": "攻击+2速度+1"
  },
  {
    "序号": 119,
    "名称": "莱尼",
    "体力": 50,
    "攻击": 53,
    "特攻": 52,
    "防御": 49,
    "特防": 47,
    "速度": 48,
    "总和": 299,
    "学习力掉落": "攻击+1"
  },
  {
    "序号": 120,
    "名称": "特鲁尼",
    "体力": 65,
    "攻击": 73,
    "特攻": 72,
    "防御": 64,
    "特防": 62,
    "速度": 63,
    "总和": 399,
    "学习力掉落": "攻击+1特攻"
  },
  {
    "序号": 121,
    "名称": "伊卡罗尼",
    "体力": 85,
    "攻击": 103,
    "特攻": 97,
    "防御": 84,
    "特防": 82,
    "速度": 83,
    "总和": 534,
    "学习力掉落": "攻击+2特攻+1"
  },
  {
    "序号": 122,
    "名称": "达尔",
    "体力": 60,
    "攻击": 60,
    "特攻": 55,
    "防御": 50,
    "特防": 50,
    "速度": 55,
    "总和": 330,
    "学习力掉落": "攻击+1"
  },
  {
    "序号": 123,
    "名称": "希路达",
    "体力": 80,
    "攻击": 85,
    "特攻": 80,
    "防御": 65,
    "特防": 65,
    "速度": 80,
    "总和": 455,
    "学习力掉落": "攻击+1特攻+1"
  },
  {
    "序号": 124,
    "名称": "英卡洛斯",
    "体力": 110,
    "攻击": 125,
    "特攻": 115,
    "防御": 85,
    "特防": 85,
    "速度": 115,
    "总和": 635,
    "学习力掉落": "攻击+1特攻+1速度+1"
  },
  {
    "序号": 125,
    "名称": "萨格罗斯",
    "体力": 132,
    "攻击": 122,
    "特攻": 75,
    "防御": 100,
    "特防": 98,
    "速度": 113,
    "总和": 640,
    "学习力掉落": "攻击+1防御+1"
  },
  {
    "序号": 126,
    "名称": "拉博",
    "体力": 53,
    "攻击": 61,
    "特攻": 54,
    "防御": 49,
    "特防": 47,
    "速度": 50,
    "总和": 314,
    "学习力掉落": "攻击+1"
  },
  {
    "序号": 127,
    "名称": "库博",
    "体力": 93,
    "攻击": 106,
    "特攻": 89,
    "防御": 84,
    "特防": 77,
    "速度": 90,
    "总和": 539,
    "学习力掉落": "攻击+2"
  },
  {
    "序号": 128,
    "名称": "波古",
    "体力": 49,
    "攻击": 48,
    "特攻": 65,
    "防御": 40,
    "特防": 42,
    "速度": 46,
    "总和": 290,
    "学习力掉落": "特攻+1"
  },
  {
    "序号": 129,
    "名称": "吉拉",
    "体力": 64,
    "攻击": 68,
    "特攻": 85,
    "防御": 55,
    "特防": 57,
    "速度": 66,
    "总和": 395,
    "学习力掉落": "特攻+2"
  },
  {
    "序号": 130,
    "名称": "吉古拉",
    "体力": 84,
    "攻击": 88,
    "特攻": 110,
    "防御": 75,
    "特防": 77,
    "速度": 91,
    "总和": 525,
    "学习力掉落": "特攻+3"
  },
  {
    "序号": 131,
    "名称": "影球",
    "体力": 55,
    "攻击": 51,
    "特攻": 70,
    "防御": 41,
    "特防": 43,
    "速度": 45,
    "总和": 305,
    "学习力掉落": "特攻+1"
  },
  {
    "序号": 132,
    "名称": "尤纳斯",
    "体力": 95,
    "攻击": 91,
    "特攻": 115,
    "防御": 76,
    "特防": 83,
    "速度": 90,
    "总和": 550,
    "学习力掉落": "特攻+1"
  },
  {
    "序号": 133,
    "名称": "巴多",
    "体力": 42,
    "攻击": 56,
    "特攻": 48,
    "防御": 44,
    "特防": 43,
    "速度": 39,
    "总和": 272,
    "学习力掉落": "攻击+1"
  },
  {
    "序号": 134,
    "名称": "巴奈特",
    "体力": 62,
    "攻击": 76,
    "特攻": 63,
    "防御": 59,
    "特防": 58,
    "速度": 59,
    "总和": 377,
    "学习力掉落": "体力+1攻击+1"
  },
  {
    "序号": 135,
    "名称": "巴法尔",
    "体力": 87,
    "攻击": 101,
    "特攻": 83,
    "防御": 79,
    "特防": 78,
    "速度": 84,
    "总和": 512,
    "学习力掉落": "体力+1攻击+2"
  },
  {
    "序号": 136,
    "名称": "卢比",
    "体力": 46,
    "攻击": 61,
    "特攻": 58,
    "防御": 38,
    "特防": 40,
    "速度": 50,
    "总和": 293,
    "学习力掉落": "攻击+1"
  },
  {
    "序号": 137,
    "名称": "伊克多",
    "体力": 61,
    "攻击": 81,
    "特攻": 78,
    "防御": 53,
    "特防": 55,
    "速度": 70,
    "总和": 398,
    "学习力掉落": "攻击+1特攻+1"
  },
  {
    "序号": 138,
    "名称": "洛比特",
    "体力": 81,
    "攻击": 106,
    "特攻": 103,
    "防御": 73,
    "特防": 75,
    "速度": 95,
    "总和": 533,
    "学习力掉落": "攻击+1特攻+1速度+1"
  },
  {
    "序号": 139,
    "名称": "迪卢卡",
    "体力": 47,
    "攻击": 50,
    "特攻": 60,
    "防御": 42,
    "特防": 41,
    "速度": 45,
    "总和": 285,
    "学习力掉落": "特攻+1"
  },
  {
    "序号": 140,
    "名称": "艾迪希洛",
    "体力": 82,
    "攻击": 95,
    "特攻": 110,
    "防御": 77,
    "特防": 76,
    "速度": 85,
    "总和": 525,
    "学习力掉落": "攻击+1特攻+1"
  },
  {
    "序号": 141,
    "名称": "肯",
    "体力": 49,
    "攻击": 65,
    "特攻": 46,
    "防御": 50,
    "特防": 45,
    "速度": 55,
    "总和": 310,
    "学习力掉落": "攻击+1"
  },
  {
    "序号": 142,
    "名称": "肯扎特",
    "体力": 89,
    "攻击": 110,
    "特攻": 81,
    "防御": 85,
    "特防": 75,
    "速度": 95,
    "总和": 535,
    "学习力掉落": "攻击+1速度+1"
  },
  {
    "序号": 143,
    "名称": "卡塔",
    "体力": 56,
    "攻击": 53,
    "特攻": 51,
    "防御": 68,
    "特防": 64,
    "速度": 39,
    "总和": 331,
    "学习力掉落": "防御+1"
  },
  {
    "序号": 144,
    "名称": "赫卡特",
    "体力": 96,
    "攻击": 88,
    "特攻": 86,
    "防御": 108,
    "特防": 104,
    "速度": 74,
    "总和": 556,
    "学习力掉落": "防御+1特防+1"
  },
  {
    "序号": 145,
    "名称": "吉斯",
    "体力": 44,
    "攻击": 60,
    "特攻": 45,
    "防御": 55,
    "特防": 43,
    "速度": 50,
    "总和": 297,
    "学习力掉落": "攻击+1"
  },
  {
    "序号": 146,
    "名称": "亚米拉",
    "体力": 64,
    "攻击": 80,
    "特攻": 60,
    "防御": 70,
    "特防": 58,
    "速度": 75,
    "总和": 407,
    "学习力掉落": "攻击+1速度+1"
  },
  {
    "序号": 147,
    "名称": "吉尼亚斯",
    "体力": 89,
    "攻击": 110,
    "特攻": 80,
    "防御": 90,
    "特防": 78,
    "速度": 95,
    "总和": 542,
    "学习力掉落": "攻击+2速度+1"
  },
  {
    "序号": 148,
    "名称": "尼克",
    "体力": 51,
    "攻击": 68,
    "特攻": 44,
    "防御": 50,
    "特防": 52,
    "速度": 53,
    "总和": 318,
    "学习力掉落": "攻击+1"
  },
  {
    "序号": 149,
    "名称": "贝特卡恩",
    "体力": 91,
    "攻击": 113,
    "特攻": 79,
    "防御": 80,
    "特防": 82,
    "速度": 93,
    "总和": 538,
    "学习力掉落": "攻击+2"
  },
  {
    "序号": 150,
    "名称": "查克",
    "体力": 49,
    "攻击": 45,
    "特攻": 55,
    "防御": 46,
    "特防": 47,
    "速度": 45,
    "总和": 287,
    "学习力掉落": "特攻+1"
  },
  {
    "序号": 151,
    "名称": "查莫斯",
    "体力": 64,
    "攻击": 60,
    "特攻": 75,
    "防御": 61,
    "特防": 62,
    "速度": 60,
    "总和": 382,
    "学习力掉落": "特攻+2"
  },
  {
    "序号": 152,
    "名称": "查理几斯",
    "体力": 86,
    "攻击": 82,
    "特攻": 102,
    "防御": 83,
    "特防": 84,
    "速度": 82,
    "总和": 519,
    "学习力掉落": "特攻+3"
  },
  {
    "序号": 153,
    "名称": "小莹蜂",
    "体力": 39,
    "攻击": 50,
    "特攻": 53,
    "防御": 38,
    "特防": 40,
    "速度": 62,
    "总和": 282,
    "学习力掉落": "速度+1"
  },
  {
    "序号": 154,
    "名称": "迅黄蜂",
    "体力": 54,
    "攻击": 65,
    "特攻": 73,
    "防御": 53,
    "特防": 60,
    "速度": 82,
    "总和": 387,
    "学习力掉落": "速度+2"
  },
  {
    "序号": 155,
    "名称": "灵翼蜂",
    "体力": 74,
    "攻击": 85,
    "特攻": 98,
    "防御": 73,
    "特防": 85,
    "速度": 107,
    "总和": 522,
    "学习力掉落": "速度+3"
  },
  {
    "序号": 156,
    "名称": "迪度",
    "体力": 60,
    "攻击": 51,
    "特攻": 48,
    "防御": 55,
    "特防": 58,
    "速度": 43,
    "总和": 315,
    "学习力掉落": "攻击+1"
  },
  {
    "序号": 157,
    "名称": "巴尔克",
    "体力": 90,
    "攻击": 96,
    "特攻": 83,
    "防御": 90,
    "特防": 88,
    "速度": 68,
    "总和": 515,
    "学习力掉落": "体力+1攻击+1"
  },
  {
    "序号": 158,
    "名称": "托尼",
    "体力": 40,
    "攻击": 44,
    "特攻": 65,
    "防御": 50,
    "特防": 57,
    "速度": 51,
    "总和": 307,
    "学习力掉落": "特攻+1"
  },
  {
    "序号": 159,
    "名称": "托尼亚",
    "体力": 55,
    "攻击": 64,
    "特攻": 85,
    "防御": 65,
    "特防": 72,
    "速度": 71,
    "总和": 412,
    "学习力掉落": "特攻+2"
  },
  {
    "序号": 160,
    "名称": "斯托利亚",
    "体力": 75,
    "攻击": 89,
    "特攻": 110,
    "防御": 85,
    "特防": 92,
    "速度": 96,
    "总和": 547,
    "学习力掉落": "特攻+3"
  },
  {
    "序号": 161,
    "名称": "米鲁",
    "体力": 51,
    "攻击": 49,
    "特攻": 62,
    "防御": 45,
    "特防": 48,
    "速度": 52,
    "总和": 307,
    "学习力掉落": "特攻+1"
  },
  {
    "序号": 162,
    "名称": "谢鲁米",
    "体力": 66,
    "攻击": 69,
    "特攻": 82,
    "防御": 60,
    "特防": 63,
    "速度": 72,
    "总和": 412,
    "学习力掉落": "特攻+1速度"
  },
  {
    "序号": 163,
    "名称": "达鲁切尔",
    "体力": 86,
    "攻击": 94,
    "特攻": 112,
    "防御": 80,
    "特防": 83,
    "速度": 97,
    "总和": 552,
    "学习力掉落": "特攻42速"
  },
  {
    "序号": 164,
    "名称": "闪光皮皮",
    "体力": 45,
    "攻击": 55,
    "特攻": 30,
    "防御": 40,
    "特防": 35,
    "速度": 65,
    "总和": 270,
    "学习力掉落": "攻击+1"
  },
  {
    "序号": 165,
    "名称": "闪光比波",
    "体力": 60,
    "攻击": 75,
    "特攻": 40,
    "防御": 55,
    "特防": 50,
    "速度": 85,
    "总和": 365,
    "学习力掉落": "攻击+2"
  },
  {
    "序号": 166,
    "名称": "闪光波克尔",
    "体力": 90,
    "攻击": 120,
    "特攻": 50,
    "防御": 75,
    "特防": 70,
    "速度": 105,
    "总和": 510,
    "学习力掉落": "攻击+2速度+1"
  },
  {
    "序号": 167,
    "名称": "黑刺球",
    "体力": 50,
    "攻击": 65,
    "特攻": 49,
    "防御": 65,
    "特防": 49,
    "速度": 45,
    "总和": 323,
    "学习力掉落": "攻击+1"
  },
  {
    "序号": 168,
    "名称": "卡布尔",
    "体力": 65,
    "攻击": 80,
    "特攻": 64,
    "防御": 80,
    "特防": 64,
    "速度": 60,
    "总和": 413,
    "学习力掉落": "攻击+1防御+1"
  },
  {
    "序号": 169,
    "名称": "卡特斯",
    "体力": 85,
    "攻击": 100,
    "特攻": 84,
    "防御": 100,
    "特防": 84,
    "速度": 80,
    "总和": 533,
    "学习力掉落": "攻击+2防御+1"
  },
  {
    "序号": 170,
    "名称": "利齿鱼",
    "体力": 50,
    "攻击": 65,
    "特攻": 85,
    "防御": 30,
    "特防": 30,
    "速度": 65,
    "总和": 325,
    "学习力掉落": "特攻+1"
  },
  {
    "序号": 172,
    "名称": "黑火贝",
    "体力": 57,
    "攻击": 55,
    "特攻": 55,
    "防御": 54,
    "特防": 58,
    "速度": 38,
    "总和": 317,
    "学习力掉落": "特防+1"
  },
  {
    "序号": 173,
    "名称": "贝米拉",
    "体力": 72,
    "攻击": 70,
    "特攻": 65,
    "防御": 69,
    "特防": 73,
    "速度": 48,
    "总和": 397,
    "学习力掉落": "体力+1特防+1"
  },
  {
    "序号": 174,
    "名称": "贝鲁基德",
    "体力": 97,
    "攻击": 90,
    "特攻": 80,
    "防御": 89,
    "特防": 93,
    "速度": 63,
    "总和": 512,
    "学习力掉落": "体力+2特防+1"
  },
  {
    "序号": 175,
    "名称": "希洛",
    "体力": 46,
    "攻击": 45,
    "特攻": 40,
    "防御": 40,
    "特防": 45,
    "速度": 64,
    "总和": 280,
    "学习力掉落": "速度+1"
  },
  {
    "序号": 176,
    "名称": "卡弗",
    "体力": 66,
    "攻击": 65,
    "特攻": 55,
    "防御": 55,
    "特防": 60,
    "速度": 79,
    "总和": 380,
    "学习力掉落": "速度+2"
  },
  {
    "序号": 177,
    "名称": "巴弗洛",
    "体力": 91,
    "攻击": 95,
    "特攻": 80,
    "防御": 75,
    "特防": 80,
    "速度": 99,
    "总和": 520,
    "学习力掉落": "体力+1攻击+1速度+1"
  },
  {
    "序号": 178,
    "名称": "达比拉",
    "体力": 49,
    "攻击": 60,
    "特攻": 37,
    "防御": 46,
    "特防": 42,
    "速度": 50,
    "总和": 284,
    "学习力掉落": "攻击+1"
  },
  {
    "序号": 179,
    "名称": "达拉克",
    "体力": 69,
    "攻击": 80,
    "特攻": 52,
    "防御": 61,
    "特防": 57,
    "速度": 70,
    "总和": 389,
    "学习力掉落": "攻击+2"
  },
  {
    "序号": 180,
    "名称": "卡斯达克",
    "体力": 94,
    "攻击": 105,
    "特攻": 72,
    "防御": 81,
    "特防": 77,
    "速度": 95,
    "总和": 524,
    "学习力掉落": "攻击+3"
  },
  {
    "序号": 181,
    "名称": "洛奇",
    "体力": 60,
    "攻击": 40,
    "特攻": 54,
    "防御": 48,
    "特防": 55,
    "速度": 35,
    "总和": 292,
    "学习力掉落": "体力+1"
  },
  {
    "序号": 182,
    "名称": "拉杰特",
    "体力": 80,
    "攻击": 60,
    "特攻": 74,
    "防御": 68,
    "特防": 70,
    "速度": 50,
    "总和": 402,
    "学习力掉落": "体力+2"
  },
  {
    "序号": 183,
    "名称": "奇拉塔顿",
    "体力": 105,
    "攻击": 80,
    "特攻": 94,
    "防御": 88,
    "特防": 90,
    "速度": 65,
    "总和": 522,
    "学习力掉落": "体力+2特攻+1"
  },
  {
    "序号": 184,
    "名称": "古鲁",
    "体力": 46,
    "攻击": 50,
    "特攻": 65,
    "防御": 43,
    "特防": 44,
    "速度": 50,
    "总和": 298,
    "学习力掉落": "特攻+1"
  },
  {
    "序号": 185,
    "名称": "梅鲁",
    "体力": 81,
    "攻击": 85,
    "特攻": 105,
    "防御": 78,
    "特防": 79,
    "速度": 85,
    "总和": 513,
    "学习力掉落": "特攻+2"
  },
  {
    "序号": 186,
    "名称": "露露",
    "体力": 167,
    "攻击": 130,
    "特攻": 70,
    "防御": 115,
    "特防": 115,
    "速度": 128,
    "总和": 725,
    "学习力掉落": "体力+1"
  },
  {
    "序号": 187,
    "名称": "魔狮迪露",
    "体力": 135,
    "攻击": 80,
    "特攻": 75,
    "防御": 70,
    "特防": 70,
    "速度": 88,
    "总和": 518,
    "学习力掉落": "体力+2"
  },
  {
    "序号": 188,
    "名称": "加格",
    "体力": 59,
    "攻击": 67,
    "特攻": 38,
    "防御": 64,
    "特防": 42,
    "速度": 50,
    "总和": 320,
    "学习力掉落": "攻击+1"
  },
  {
    "序号": 189,
    "名称": "加格尔",
    "体力": 94,
    "攻击": 107,
    "特攻": 73,
    "防御": 94,
    "特防": 72,
    "速度": 90,
    "总和": 530,
    "学习力掉落": "攻击+1防御+1"
  },
  {
    "序号": 190,
    "名称": "林奇",
    "体力": 53,
    "攻击": 60,
    "特攻": 47,
    "防御": 51,
    "特防": 43,
    "速度": 55,
    "总和": 309,
    "学习力掉落": "攻击+1"
  },
  {
    "序号": 191,
    "名称": "林修斯",
    "体力": 68,
    "攻击": 80,
    "特攻": 62,
    "防御": 66,
    "特防": 58,
    "速度": 75,
    "总和": 409,
    "学习力掉落": "攻击+2"
  },
  {
    "序号": 192,
    "名称": "克林卡修",
    "体力": 83,
    "攻击": 110,
    "特攻": 87,
    "防御": 86,
    "特防": 78,
    "速度": 95,
    "总和": 539,
    "学习力掉落": "攻击+2速度+1"
  },
  {
    "序号": 193,
    "名称": "奇达",
    "体力": 30,
    "攻击": 40,
    "特攻": 35,
    "防御": 35,
    "特防": 20,
    "速度": 60,
    "总和": 220,
    "学习力掉落": "速度+1"
  },
  {
    "序号": 194,
    "名称": "罗卡尔",
    "体力": 50,
    "攻击": 55,
    "特攻": 50,
    "防御": 45,
    "特防": 30,
    "速度": 90,
    "总和": 320,
    "学习力掉落": "速度+2"
  },
  {
    "序号": 195,
    "名称": "西萨拉斯",
    "体力": 80,
    "攻击": 105,
    "特攻": 85,
    "防御": 80,
    "特防": 60,
    "速度": 100,
    "总和": 510,
    "学习力掉落": "攻击+2速"
  },
  {
    "序号": 196,
    "名称": "祖拉",
    "体力": 52,
    "攻击": 58,
    "特攻": 63,
    "防御": 37,
    "特防": 44,
    "速度": 46,
    "总和": 300,
    "学习力掉落": "特攻+1"
  },
  {
    "序号": 197,
    "名称": "亚梅丝",
    "体力": 92,
    "攻击": 93,
    "特攻": 108,
    "防御": 72,
    "特防": 79,
    "速度": 91,
    "总和": 535,
    "学习力掉落": "特攻+2"
  },
  {
    "序号": 198,
    "名称": "小鳍鱼",
    "体力": 55,
    "攻击": 48,
    "特攻": 53,
    "防御": 39,
    "特防": 44,
    "速度": 43,
    "总和": 282,
    "学习力掉落": "特攻+1"
  },
  {
    "序号": 199,
    "名称": "贝壳鱼",
    "体力": 75,
    "攻击": 63,
    "特攻": 78,
    "防御": 54,
    "特防": 64,
    "速度": 58,
    "总和": 392,
    "学习力掉落": "体力+1特攻+1"
  },
  {
    "序号": 200,
    "名称": "鳞甲龙鱼",
    "体力": 105,
    "攻击": 88,
    "特攻": 113,
    "防御": 79,
    "特防": 89,
    "速度": 83,
    "总和": 557,
    "学习力掉落": "体力+1特攻+2"
  },
  {
    "序号": 201,
    "名称": "SRT",
    "体力": 60,
    "攻击": 50,
    "特攻": 70,
    "防御": 50,
    "特防": 60,
    "速度": 45,
    "总和": 335,
    "学习力掉落": "特攻+1"
  },
  {
    "序号": 202,
    "名称": "SRX",
    "体力": 100,
    "攻击": 85,
    "特攻": 115,
    "防御": 85,
    "特防": 95,
    "速度": 80,
    "总和": 560,
    "学习力掉落": "特攻+2"
  },
  {
    "序号": 203,
    "名称": "晶岩兽",
    "体力": 60,
    "攻击": 54,
    "特攻": 46,
    "防御": 55,
    "特防": 50,
    "速度": 40,
    "总和": 305,
    "学习力掉落": "体力+1"
  },
  {
    "序号": 204,
    "名称": "塔姆拉",
    "体力": 105,
    "攻击": 94,
    "特攻": 81,
    "防御": 100,
    "特防": 90,
    "速度": 70,
    "总和": 540,
    "学习力掉落": "体力+1防御+1"
  },
  {
    "序号": 205,
    "名称": "阿兹",
    "体力": 50,
    "攻击": 46,
    "特攻": 61,
    "防御": 48,
    "特防": 47,
    "速度": 52,
    "总和": 304,
    "学习力掉落": "特攻+1"
  },
  {
    "序号": 206,
    "名称": "科利",
    "体力": 65,
    "攻击": 61,
    "特攻": 81,
    "防御": 63,
    "特防": 62,
    "速度": 67,
    "总和": 399,
    "学习力掉落": "特攻+2"
  },
  {
    "序号": 207,
    "名称": "星吉拉",
    "体力": 85,
    "攻击": 81,
    "特攻": 106,
    "防御": 83,
    "特防": 82,
    "速度": 87,
    "总和": 524,
    "学习力掉落": "特攻+3"
  },
  {
    "序号": 208,
    "名称": "火晶兽",
    "体力": 55,
    "攻击": 49,
    "特攻": 53,
    "防御": 50,
    "特防": 54,
    "速度": 47,
    "总和": 308,
    "学习力掉落": "特防+1"
  },
  {
    "序号": 209,
    "名称": "艮吉兽",
    "体力": 75,
    "攻击": 64,
    "特攻": 73,
    "防御": 70,
    "特防": 74,
    "速度": 62,
    "总和": 418,
    "学习力掉落": "防御+1特防+1"
  },
  {
    "序号": 210,
    "名称": "多鲁姆",
    "体力": 100,
    "攻击": 84,
    "特攻": 98,
    "防御": 95,
    "特防": 99,
    "速度": 82,
    "总和": 558,
    "学习力掉落": "体力+1防御"
  },
  {
    "序号": 211,
    "名称": "水草蛙",
    "体力": 49,
    "攻击": 40,
    "特攻": 45,
    "防御": 43,
    "特防": 54,
    "速度": 47,
    "总和": 278,
    "学习力掉落": "特防+1"
  },
  {
    "序号": 212,
    "名称": "卡其沙",
    "体力": 99,
    "攻击": 80,
    "特攻": 100,
    "防御": 88,
    "特防": 94,
    "速度": 87,
    "总和": 548,
    "学习力掉落": "特攻+1特防+1"
  },
  {
    "序号": 213,
    "名称": "TOE",
    "体力": 70,
    "攻击": 40,
    "特攻": 50,
    "防御": 60,
    "特防": 55,
    "速度": 40,
    "总和": 315,
    "学习力掉落": "体力+1"
  },
  {
    "序号": 214,
    "名称": "TOH",
    "体力": 120,
    "攻击": 75,
    "特攻": 90,
    "防御": 100,
    "特防": 95,
    "速度": 75,
    "总和": 555,
    "学习力掉落": "体力+1攻击+1"
  },
  {
    "序号": 215,
    "名称": "哈莫",
    "体力": 90,
    "攻击": 80,
    "特攻": 65,
    "防御": 60,
    "特防": 55,
    "速度": 66,
    "总和": 416,
    "学习力掉落": "体力+1"
  },
  {
    "序号": 216,
    "名称": "哈莫雷特",
    "体力": 125,
    "攻击": 120,
    "特攻": 95,
    "防御": 95,
    "特防": 90,
    "速度": 101,
    "总和": 626,
    "学习力掉落": "体力+1攻击+1"
  },
  {
    "序号": 217,
    "名称": "扎克",
    "体力": 60,
    "攻击": 48,
    "特攻": 75,
    "防御": 40,
    "特防": 50,
    "速度": 42,
    "总和": 315,
    "学习力掉落": "特攻+1"
  },
  {
    "序号": 218,
    "名称": "扎夫特",
    "体力": 100,
    "攻击": 88,
    "特攻": 120,
    "防御": 75,
    "特防": 90,
    "速度": 87,
    "总和": 560,
    "学习力掉落": "特攻+2"
  },
  {
    "序号": 219,
    "名称": "依卢",
    "体力": 61,
    "攻击": 55,
    "特攻": 75,
    "防御": 43,
    "特防": 51,
    "速度": 65,
    "总和": 350,
    "学习力掉落": "特攻+1"
  },
  {
    "序号": 220,
    "名称": "依希亚",
    "体力": 101,
    "攻击": 90,
    "特攻": 120,
    "防御": 73,
    "特防": 81,
    "速度": 105,
    "总和": 570,
    "学习力掉落": "特攻+2"
  },
  {
    "序号": 221,
    "名称": "卡博",
    "体力": 63,
    "攻击": 54,
    "特攻": 61,
    "防御": 47,
    "特防": 49,
    "速度": 51,
    "总和": 325,
    "学习力掉落": "特攻+1"
  },
  {
    "序号": 222,
    "名称": "卡库",
    "体力": 103,
    "攻击": 89,
    "特攻": 106,
    "防御": 82,
    "特防": 84,
    "速度": 91,
    "总和": 555,
    "学习力掉落": "待攻+2"
  },
  {
    "序号": 223,
    "名称": "德塔",
    "体力": 61,
    "攻击": 68,
    "特攻": 64,
    "防御": 53,
    "特防": 51,
    "速度": 40,
    "总和": 337,
    "学习力掉落": "攻击+1"
  },
  {
    "序号": 224,
    "名称": "赫德卡",
    "体力": 101,
    "攻击": 108,
    "特攻": 104,
    "防御": 88,
    "特防": 86,
    "速度": 75,
    "总和": 562,
    "学习力掉落": "攻击+1特攻+1"
  },
  {
    "序号": 225,
    "名称": "罗尼",
    "体力": 60,
    "攻击": 52,
    "特攻": 60,
    "防御": 52,
    "特防": 51,
    "速度": 50,
    "总和": 325,
    "学习力掉落": "特攻+1"
  },
  {
    "序号": 226,
    "名称": "吉鲁尼",
    "体力": 75,
    "攻击": 72,
    "特攻": 80,
    "防御": 67,
    "特防": 66,
    "速度": 65,
    "总和": 425,
    "学习力掉落": "体力+1特攻+1"
  },
  {
    "序号": 227,
    "名称": "伊兰罗尼",
    "体力": 100,
    "攻击": 97,
    "特攻": 110,
    "防御": 87,
    "特防": 86,
    "速度": 85,
    "总和": 565,
    "学习力掉落": "体力+1特攻+2"
  },
  {
    "序号": 228,
    "名称": "查斯",
    "体力": 70,
    "攻击": 55,
    "特攻": 40,
    "防御": 80,
    "特防": 60,
    "速度": 45,
    "总和": 350,
    "学习力掉落": "防御+1"
  },
  {
    "序号": 229,
    "名称": "查尔顿",
    "体力": 110,
    "攻击": 90,
    "特攻": 75,
    "防御": 120,
    "特防": 95,
    "速度": 85,
    "总和": 575,
    "学习力掉落": "防御+2"
  },
  {
    "序号": 230,
    "名称": "硬甲蟹",
    "体力": 65,
    "攻击": 66,
    "特攻": 50,
    "防御": 59,
    "特防": 58,
    "速度": 40,
    "总和": 338,
    "学习力掉落": "攻击+1"
  },
  {
    "序号": 231,
    "名称": "刺爪蟹",
    "体力": 105,
    "攻击": 106,
    "特攻": 90,
    "防御": 94,
    "特防": 93,
    "速度": 75,
    "总和": 563,
    "学习力掉落": "体力+1攻击+1"
  },
  {
    "序号": 232,
    "名称": "伊娃",
    "体力": 65,
    "攻击": 38,
    "特攻": 60,
    "防御": 49,
    "特防": 70,
    "速度": 45,
    "总和": 327,
    "学习力掉落": "特防+1"
  },
  {
    "序号": 233,
    "名称": "伊妮娅",
    "体力": 80,
    "攻击": 58,
    "特攻": 80,
    "防御": 64,
    "特防": 90,
    "速度": 60,
    "总和": 432,
    "学习力掉落": "特防+2"
  },
  {
    "序号": 234,
    "名称": "伊娅丝",
    "体力": 100,
    "攻击": 78,
    "特攻": 100,
    "防御": 84,
    "特防": 120,
    "速度": 80,
    "总和": 562,
    "学习力掉落": "特防+3"
  },
  {
    "序号": 235,
    "名称": "米隆",
    "体力": 70,
    "攻击": 52,
    "特攻": 72,
    "防御": 50,
    "特防": 56,
    "速度": 48,
    "总和": 348,
    "学习力掉落": "体力+1"
  },
  {
    "序号": 236,
    "名称": "米洛尼",
    "体力": 110,
    "攻击": 82,
    "特攻": 112,
    "防御": 85,
    "特防": 91,
    "速度": 83,
    "总和": 563,
    "学习力掉落": "体力+1特攻+1"
  },
  {
    "序号": 237,
    "名称": "吉宝",
    "体力": 58,
    "攻击": 44,
    "特攻": 62,
    "防御": 42,
    "特防": 57,
    "速度": 60,
    "总和": 323,
    "学习力掉落": "速度+1"
  },
  {
    "序号": 238,
    "名称": "吉娜",
    "体力": 78,
    "攻击": 59,
    "特攻": 82,
    "防御": 57,
    "特防": 77,
    "速度": 80,
    "总和": 433,
    "学习力掉落": "特攻+1速度+1"
  },
  {
    "序号": 239,
    "名称": "吉娜斯",
    "体力": 103,
    "攻击": 79,
    "特攻": 107,
    "防御": 77,
    "特防": 97,
    "速度": 105,
    "总和": 568,
    "学习力掉落": "特攻+1速度+2"
  },
  {
    "序号": 240,
    "名称": "斯内克",
    "体力": 68,
    "攻击": 42,
    "特攻": 61,
    "防御": 50,
    "特防": 63,
    "速度": 51,
    "总和": 335,
    "学习力掉落": "体力+1"
  },
  {
    "序号": 241,
    "名称": "比格尔",
    "体力": 88,
    "攻击": 57,
    "特攻": 81,
    "防御": 65,
    "特防": 83,
    "速度": 66,
    "总和": 440,
    "学习力掉落": "体力+1特防+1"
  },
  {
    "序号": 242,
    "名称": "海德拉",
    "体力": 113,
    "攻击": 77,
    "特攻": 101,
    "防御": 85,
    "特防": 108,
    "速度": 86,
    "总和": 570,
    "学习力掉落": "体力+2特防+1"
  },
  {
    "序号": 243,
    "名称": "宾波",
    "体力": 63,
    "攻击": 67,
    "特攻": 49,
    "防御": 51,
    "特防": 39,
    "速度": 48,
    "总和": 317,
    "学习力掉落": "攻击+1"
  },
  {
    "序号": 244,
    "名称": "宾多拉",
    "体力": 83,
    "攻击": 87,
    "特攻": 64,
    "防御": 66,
    "特防": 54,
    "速度": 68,
    "总和": 422,
    "学习力掉落": "体力+1攻击+1"
  },
  {
    "序号": 245,
    "名称": "宾尼纳拉",
    "体力": 108,
    "攻击": 112,
    "特攻": 84,
    "防御": 86,
    "特防": 74,
    "速度": 93,
    "总和": 557,
    "学习力掉落": "体力+1攻击+2"
  },
  {
    "序号": 246,
    "名称": "艾格",
    "体力": 70,
    "攻击": 64,
    "特攻": 42,
    "防御": 60,
    "特防": 58,
    "速度": 35,
    "总和": 329,
    "学习力掉落": "攻击+1"
  },
  {
    "序号": 247,
    "名称": "艾尔特",
    "体力": 90,
    "攻击": 84,
    "特攻": 57,
    "防御": 80,
    "特防": 73,
    "速度": 50,
    "总和": 434,
    "学习力掉落": "攻击+1防御+1"
  },
  {
    "序号": 248,
    "名称": "艾贝多芬",
    "体力": 115,
    "攻击": 109,
    "特攻": 77,
    "防御": 105,
    "特防": 93,
    "速度": 70,
    "总和": 569,
    "学习力掉落": "体力+1攻击+1防御+1"
  },
  {
    "序号": 249,
    "名称": "浮空苗",
    "体力": 45,
    "攻击": 39,
    "特攻": 62,
    "防御": 40,
    "特防": 40,
    "速度": 55,
    "总和": 281,
    "学习力掉落": "特攻+1"
  },
  {
    "序号": 250,
    "名称": "浮空鱼",
    "体力": 65,
    "攻击": 54,
    "特攻": 82,
    "防御": 55,
    "特防": 55,
    "速度": 75,
    "总和": 386,
    "学习力掉落": "特攻+1速度+1"
  },
  {
    "序号": 251,
    "名称": "萨洛姆斯",
    "体力": 90,
    "攻击": 74,
    "特攻": 107,
    "防御": 75,
    "特防": 75,
    "速度": 100,
    "总和": 521,
    "学习力掉落": "特攻+2速度+1"
  },
  {
    "序号": 252,
    "名称": "嘟噜噜",
    "体力": 60,
    "攻击": 70,
    "特攻": 60,
    "防御": 51,
    "特防": 49,
    "速度": 55,
    "总和": 345,
    "学习力掉落": "攻击+1"
  },
  {
    "序号": 253,
    "名称": "嘟噜噜王",
    "体力": 95,
    "攻击": 110,
    "特攻": 100,
    "防御": 86,
    "特防": 84,
    "速度": 95,
    "总和": 570,
    "学习力掉落": "攻击+1特攻+1"
  },
  {
    "序号": 254,
    "名称": "嘟咕噜",
    "体力": 60,
    "攻击": 49,
    "特攻": 70,
    "防御": 53,
    "特防": 55,
    "速度": 57,
    "总和": 344,
    "学习力掉落": "特攻+1"
  },
  {
    "序号": 255,
    "名称": "嘟咕噜达",
    "体力": 75,
    "攻击": 69,
    "特攻": 90,
    "防御": 68,
    "特防": 70,
    "速度": 77,
    "总和": 449,
    "学习力掉落": "特攻+1速度+1"
  },
  {
    "序号": 256,
    "名称": "嘟咕噜王",
    "体力": 100,
    "攻击": 94,
    "特攻": 115,
    "防御": 88,
    "特防": 90,
    "速度": 102,
    "总和": 589,
    "学习力掉落": "攻击+1特攻+1速度+1"
  },
  {
    "序号": 257,
    "名称": "埃闻",
    "体力": 75,
    "攻击": 62,
    "特攻": 41,
    "防御": 62,
    "特防": 51,
    "速度": 45,
    "总和": 336,
    "学习力掉落": "体力+1"
  },
  {
    "序号": 258,
    "名称": "埃瑞克",
    "体力": 95,
    "攻击": 82,
    "特攻": 56,
    "防御": 82,
    "特防": 66,
    "速度": 60,
    "总和": 441,
    "学习力掉落": "体力+1攻击+1"
  },
  {
    "序号": 259,
    "名称": "埃里克斯",
    "体力": 120,
    "攻击": 107,
    "特攻": 76,
    "防御": 107,
    "特防": 86,
    "速度": 80,
    "总和": 576,
    "学习力掉落": "体力+1攻击+1防御+1"
  },
  {
    "序号": 260,
    "名称": "提坦",
    "体力": 55,
    "攻击": 74,
    "特攻": 61,
    "防御": 57,
    "特防": 48,
    "速度": 65,
    "总和": 360,
    "学习力掉落": "攻击+1"
  },
  {
    "序号": 261,
    "名称": "盖亚",
    "体力": 105,
    "攻击": 119,
    "特攻": 96,
    "防御": 87,
    "特防": 78,
    "速度": 105,
    "总和": 590,
    "学习力掉落": "攻击+1速度+1"
  },
  {
    "序号": 262,
    "名称": "奈姬",
    "体力": 65,
    "攻击": 60,
    "特攻": 75,
    "防御": 45,
    "特防": 50,
    "速度": 45,
    "总和": 340,
    "学习力掉落": "特攻+1"
  },
  {
    "序号": 263,
    "名称": "奈诺伊",
    "体力": 85,
    "攻击": 80,
    "特攻": 95,
    "防御": 60,
    "特防": 65,
    "速度": 65,
    "总和": 450,
    "学习力掉落": "攻击+1特攻+1"
  },
  {
    "序号": 264,
    "名称": "奈尼芬多",
    "体力": 110,
    "攻击": 105,
    "特攻": 120,
    "防御": 80,
    "特防": 85,
    "速度": 90,
    "总和": 590,
    "学习力掉落": "攻击+1特攻+1速度+1"
  },
  {
    "序号": 265,
    "名称": "帕尼",
    "体力": 72,
    "攻击": 68,
    "特攻": 56,
    "防御": 52,
    "特防": 54,
    "速度": 64,
    "总和": 366,
    "学习力掉落": "体力+1"
  },
  {
    "序号": 266,
    "名称": "帕格尼尼",
    "体力": 107,
    "攻击": 108,
    "特攻": 86,
    "防御": 92,
    "特防": 84,
    "速度": 99,
    "总和": 576,
    "学习力掉落": "体力+1攻击+1"
  },
  {
    "序号": 267,
    "名称": "乌凯",
    "体力": 55,
    "攻击": 53,
    "特攻": 58,
    "防御": 43,
    "特防": 54,
    "速度": 64,
    "总和": 327,
    "学习力掉落": "特攻+1"
  },
  {
    "序号": 268,
    "名称": "乌力朴",
    "体力": 105,
    "攻击": 98,
    "特攻": 108,
    "防御": 73,
    "特防": 84,
    "速度": 104,
    "总和": 572,
    "学习力掉落": "攻击+1特攻+1"
  },
  {
    "序号": 269,
    "名称": "眼球",
    "体力": 90,
    "攻击": 90,
    "特攻": 80,
    "防御": 70,
    "特防": 65,
    "速度": 80,
    "总和": 475,
    "学习力掉落": "攻击+1"
  },
  {
    "序号": 270,
    "名称": "刹洛眼",
    "体力": 105,
    "攻击": 90,
    "特攻": 110,
    "防御": 80,
    "特防": 95,
    "速度": 100,
    "总和": 580,
    "学习力掉落": "特攻+1特防+1"
  },
  {
    "序号": 271,
    "名称": "迪修眼",
    "体力": 120,
    "攻击": 110,
    "特攻": 75,
    "防御": 105,
    "特防": 90,
    "速度": 85,
    "总和": 585,
    "学习力掉落": "体力+1防御+1"
  },
  {
    "序号": 272,
    "名称": "詹士眼",
    "体力": 115,
    "攻击": 115,
    "特攻": 85,
    "防御": 90,
    "特防": 72,
    "速度": 103,
    "总和": 580,
    "学习力掉落": "攻击+1速度+1"
  },
  {
    "序号": 273,
    "名称": "塔米",
    "体力": 100,
    "攻击": 80,
    "特攻": 60,
    "防御": 70,
    "特防": 45,
    "速度": 56,
    "总和": 411,
    "学习力掉落": "防御+1"
  },
  {
    "序号": 274,
    "名称": "塔克林",
    "体力": 130,
    "攻击": 120,
    "特攻": 95,
    "防御": 100,
    "特防": 80,
    "速度": 86,
    "总和": 611,
    "学习力掉落": "体力+1防御+1"
  },
  {
    "序号": 275,
    "名称": "尹赫",
    "体力": 57,
    "攻击": 62,
    "特攻": 56,
    "防御": 44,
    "特防": 54,
    "速度": 62,
    "总和": 335,
    "学习力掉落": "速度+1"
  },
  {
    "序号": 276,
    "名称": "尹泰奇",
    "体力": 72,
    "攻击": 82,
    "特攻": 71,
    "防御": 59,
    "特防": 75,
    "速度": 82,
    "总和": 441,
    "学习力掉落": "攻击+1速度+1"
  },
  {
    "序号": 277,
    "名称": "尹泰拉多",
    "体力": 93,
    "攻击": 107,
    "特攻": 91,
    "防御": 79,
    "特防": 95,
    "速度": 102,
    "总和": 567,
    "学习力掉落": "攻击+1特防+1速度+1"
  },
  {
    "序号": 278,
    "名称": "沙顿",
    "体力": 59,
    "攻击": 57,
    "特攻": 61,
    "防御": 49,
    "特防": 51,
    "速度": 58,
    "总和": 335,
    "学习力掉落": "特攻+1"
  },
  {
    "序号": 279,
    "名称": "沙比克",
    "体力": 79,
    "攻击": 72,
    "特攻": 81,
    "防御": 64,
    "特防": 71,
    "速度": 73,
    "总和": 440,
    "学习力掉落": "特攻+1速度+1"
  },
  {
    "序号": 280,
    "名称": "沙罗希瓦",
    "体力": 99,
    "攻击": 97,
    "特攻": 106,
    "防御": 84,
    "特防": 91,
    "速度": 98,
    "总和": 575,
    "学习力掉落": "攻击+1特攻+1速度+1"
  },
  {
    "序号": 281,
    "名称": "伶俐鸟",
    "体力": 65,
    "攻击": 50,
    "特攻": 58,
    "防御": 42,
    "特防": 50,
    "速度": 61,
    "总和": 326,
    "学习力掉落": "速度+1"
  },
  {
    "序号": 282,
    "名称": "伶俐雀",
    "体力": 81,
    "攻击": 76,
    "特攻": 76,
    "防御": 57,
    "特防": 65,
    "速度": 81,
    "总和": 436,
    "学习力掉落": "特攻+1速度+1"
  },
  {
    "序号": 283,
    "名称": "伶俐雕",
    "体力": 106,
    "攻击": 101,
    "特攻": 101,
    "防御": 77,
    "特防": 85,
    "速度": 106,
    "总和": 576,
    "学习力掉落": "攻击+1特攻+1速度+1"
  },
  {
    "序号": 284,
    "名称": "闪光利利",
    "体力": 80,
    "攻击": 50,
    "特攻": 70,
    "防御": 50,
    "特防": 55,
    "速度": 45,
    "总和": 350,
    "学习力掉落": "特攻+1"
  },
  {
    "序号": 285,
    "名称": "闪光绵绵",
    "体力": 95,
    "攻击": 65,
    "特攻": 85,
    "防御": 65,
    "特防": 75,
    "速度": 55,
    "总和": 440,
    "学习力掉落": "特攻+1特防+1"
  },
  {
    "序号": 286,
    "名称": "闪光电击兔",
    "体力": 105,
    "攻击": 80,
    "特攻": 120,
    "防御": 80,
    "特防": 95,
    "速度": 60,
    "总和": 540,
    "学习力掉落": "特攻+2特防+1"
  },
  {
    "序号": 287,
    "名称": "厄斯",
    "体力": 55,
    "攻击": 75,
    "特攻": 50,
    "防御": 45,
    "特防": 45,
    "速度": 58,
    "总和": 328,
    "学习力掉落": "攻击+1"
  },
  {
    "序号": 288,
    "名称": "厄斯沃姆",
    "体力": 95,
    "攻击": 115,
    "特攻": 85,
    "防御": 80,
    "特防": 80,
    "速度": 98,
    "总和": 553,
    "学习力掉落": "攻击+1速度+1"
  },
  {
    "序号": 289,
    "名称": "约西",
    "体力": 65,
    "攻击": 56,
    "特攻": 68,
    "防御": 48,
    "特防": 68,
    "速度": 55,
    "总和": 360,
    "学习力掉落": "特攻+1"
  },
  {
    "序号": 290,
    "名称": "约凡撒",
    "体力": 100,
    "攻击": 86,
    "特攻": 108,
    "防御": 78,
    "特防": 98,
    "速度": 90,
    "总和": 560,
    "学习力掉落": "特攻+1特防+1"
  },
  {
    "序号": 291,
    "名称": "弗曼",
    "体力": 90,
    "攻击": 61,
    "特攻": 58,
    "防御": 52,
    "特防": 52,
    "速度": 55,
    "总和": 368,
    "学习力掉落": "体力+1"
  },
  {
    "序号": 292,
    "名称": "弗里昂",
    "体力": 130,
    "攻击": 101,
    "特攻": 98,
    "防御": 82,
    "特防": 82,
    "速度": 85,
    "总和": 578,
    "学习力掉落": "体力+1攻击+1"
  },
  {
    "序号": 293,
    "名称": "迷你芽",
    "体力": 75,
    "攻击": 55,
    "特攻": 58,
    "防御": 50,
    "特防": 56,
    "速度": 40,
    "总和": 334,
    "学习力掉落": "特攻+1"
  },
  {
    "序号": 294,
    "名称": "迷你草",
    "体力": 90,
    "攻击": 75,
    "特攻": 78,
    "防御": 65,
    "特防": 76,
    "速度": 55,
    "总和": 439,
    "学习力掉落": "特攻+1特防+1"
  },
  {
    "序号": 295,
    "名称": "迷你果",
    "体力": 110,
    "攻击": 100,
    "特攻": 103,
    "防御": 85,
    "特防": 101,
    "速度": 75,
    "总和": 574,
    "学习力掉落": "攻击+1特攻+1特防+1"
  },
  {
    "序号": 296,
    "名称": "伊卢卡",
    "体力": 66,
    "攻击": 63,
    "特攻": 59,
    "防御": 51,
    "特防": 45,
    "速度": 55,
    "总和": 339,
    "学习力掉落": "攻击+1"
  },
  {
    "序号": 297,
    "名称": "艾尔伊洛",
    "体力": 106,
    "攻击": 110,
    "特攻": 106,
    "防御": 86,
    "特防": 80,
    "速度": 100,
    "总和": 588,
    "学习力掉落": "攻击+1特攻+1"
  },
  {
    "序号": 298,
    "名称": "迅牙虎",
    "体力": 90,
    "攻击": 80,
    "特攻": 40,
    "防御": 60,
    "特防": 50,
    "速度": 50,
    "总和": 370,
    "学习力掉落": "体力+1"
  },
  {
    "序号": 299,
    "名称": "猛虎王",
    "体力": 130,
    "攻击": 120,
    "特攻": 70,
    "防御": 100,
    "特防": 90,
    "速度": 90,
    "总和": 600,
    "学习力掉落": "体力+1攻击+1"
  },
  {
    "序号": 300,
    "名称": "谱尼",
    "体力": 120,
    "攻击": 110,
    "特攻": 120,
    "防御": 100,
    "特防": 100,
    "速度": 110,
    "总和": 660,
    "学习力掉落": "体力+1特攻+1"
  },
  {
    "序号": 301,
    "名称": "黄金布布",
    "体力": 80,
    "攻击": 46,
    "特攻": 64,
    "防御": 66,
    "特防": 67,
    "速度": 41,
    "总和": 364,
    "学习力掉落": "体力+1"
  },
  {
    "序号": 302,
    "名称": "蒙娜布布",
    "体力": 100,
    "攻击": 61,
    "特攻": 84,
    "防御": 81,
    "特防": 87,
    "速度": 56,
    "总和": 469,
    "学习力掉落": "体力+1特防+1"
  },
  {
    "序号": 303,
    "名称": "丽莎布布",
    "体力": 130,
    "攻击": 81,
    "特攻": 109,
    "防御": 106,
    "特防": 112,
    "速度": 76,
    "总和": 614,
    "学习力掉落": "体力+2特防+1"
  },
  {
    "序号": 304,
    "名称": "伊优达",
    "体力": 74,
    "攻击": 70,
    "特攻": 60,
    "防御": 58,
    "特防": 57,
    "速度": 51,
    "总和": 370,
    "学习力掉落": "攻击+1"
  },
  {
    "序号": 305,
    "名称": "利爪尤里安",
    "体力": 94,
    "攻击": 90,
    "特攻": 75,
    "防御": 73,
    "特防": 72,
    "速度": 66,
    "总和": 470,
    "学习力掉落": "体力+1攻击+1"
  },
  {
    "序号": 306,
    "名称": "鲁斯王",
    "体力": 124,
    "攻击": 120,
    "特攻": 95,
    "防御": 93,
    "特防": 92,
    "速度": 86,
    "总和": 610,
    "学习力掉落": "体力+1攻击+2"
  },
  {
    "序号": 307,
    "名称": "炎火猴",
    "体力": 70,
    "攻击": 62,
    "特攻": 62,
    "防御": 50,
    "特防": 50,
    "速度": 64,
    "总和": 358,
    "学习力掉落": "速度+1"
  },
  {
    "序号": 308,
    "名称": "熔火灵猴",
    "体力": 90,
    "攻击": 82,
    "特攻": 82,
    "防御": 60,
    "特防": 60,
    "速度": 84,
    "总和": 458,
    "学习力掉落": "特攻+1速度+1"
  },
  {
    "序号": 309,
    "名称": "魔焰猩猩",
    "体力": 120,
    "攻击": 112,
    "特攻": 112,
    "防御": 80,
    "特防": 80,
    "速度": 114,
    "总和": 618,
    "学习力掉落": "攻击+1特攻+1速度+1"
  },
  {
    "序号": 310,
    "名称": "闪光尼尔",
    "体力": 56,
    "攻击": 48,
    "特攻": 68,
    "防御": 43,
    "特防": 45,
    "速度": 52,
    "总和": 312,
    "学习力掉落": "特攻+1"
  },
  {
    "序号": 311,
    "名称": "闪光菲斯利",
    "体力": 71,
    "攻击": 68,
    "特攻": 88,
    "防御": 58,
    "特防": 60,
    "速度": 72,
    "总和": 417,
    "学习力掉落": "特攻+2"
  },
  {
    "序号": 312,
    "名称": "闪光艾菲亚",
    "体力": 91,
    "攻击": 88,
    "特攻": 118,
    "防御": 78,
    "特防": 80,
    "速度": 92,
    "总和": 547,
    "学习力掉落": "特攻+3"
  },
  {
    "序号": 313,
    "名称": "卡鲁",
    "体力": 55,
    "攻击": 50,
    "特攻": 70,
    "防御": 49,
    "特防": 60,
    "速度": 51,
    "总和": 335,
    "学习力掉落": "特攻+1"
  },
  {
    "序号": 314,
    "名称": "卡克拉",
    "体力": 75,
    "攻击": 70,
    "特攻": 90,
    "防御": 64,
    "特防": 75,
    "速度": 71,
    "总和": 445,
    "学习力掉落": "特攻+2"
  },
  {
    "序号": 315,
    "名称": "卡鲁耶克",
    "体力": 105,
    "攻击": 90,
    "特攻": 120,
    "防御": 84,
    "特防": 95,
    "速度": 96,
    "总和": 590,
    "学习力掉落": "特攻+3"
  },
  {
    "序号": 316,
    "名称": "达莫拉",
    "体力": 65,
    "攻击": 67,
    "特攻": 40,
    "防御": 55,
    "特防": 45,
    "速度": 50,
    "总和": 322,
    "学习力掉落": "攻击+1"
  },
  {
    "序号": 317,
    "名称": "达拉格",
    "体力": 85,
    "攻击": 87,
    "特攻": 55,
    "防御": 75,
    "特防": 60,
    "速度": 70,
    "总和": 432,
    "学习力掉落": "体力+1攻击+1"
  },
  {
    "序号": 318,
    "名称": "卡鲁克斯",
    "体力": 115,
    "攻击": 117,
    "特攻": 75,
    "防御": 100,
    "特防": 80,
    "速度": 95,
    "总和": 582,
    "学习力掉落": "体力+1攻击+2"
  },
  {
    "序号": 319,
    "名称": "轻羽蜂",
    "体力": 55,
    "攻击": 55,
    "特攻": 60,
    "防御": 48,
    "特防": 37,
    "速度": 63,
    "总和": 318,
    "学习力掉落": "速度+1"
  },
  {
    "序号": 320,
    "名称": "迅捷蛹",
    "体力": 75,
    "攻击": 75,
    "特攻": 80,
    "防御": 63,
    "特防": 52,
    "速度": 83,
    "总和": 428,
    "学习力掉落": "速度+2"
  },
  {
    "序号": 321,
    "名称": "哈尔翼蜂",
    "体力": 100,
    "攻击": 100,
    "特攻": 105,
    "防御": 83,
    "特防": 72,
    "速度": 108,
    "总和": 568,
    "学习力掉落": "速度+3"
  },
  {
    "序号": 322,
    "名称": "卡克",
    "体力": 66,
    "攻击": 49,
    "特攻": 61,
    "防御": 53,
    "特防": 52,
    "速度": 55,
    "总和": 336,
    "学习力掉落": "特攻+1"
  },
  {
    "序号": 323,
    "名称": "利斯",
    "体力": 81,
    "攻击": 69,
    "特攻": 81,
    "防御": 68,
    "特防": 67,
    "速度": 75,
    "总和": 441,
    "学习力掉落": "特攻+1速度+1"
  },
  {
    "序号": 324,
    "名称": "古雷亚",
    "体力": 101,
    "攻击": 94,
    "特攻": 111,
    "防御": 88,
    "特防": 87,
    "速度": 100,
    "总和": 581,
    "学习力掉落": "体力+1特攻+1速度+1"
  },
  {
    "序号": 325,
    "名称": "卡门兔",
    "体力": 66,
    "攻击": 45,
    "特攻": 65,
    "防御": 51,
    "特防": 46,
    "速度": 50,
    "总和": 323,
    "学习力掉落": "特攻+1"
  },
  {
    "序号": 326,
    "名称": "海格兔",
    "体力": 81,
    "攻击": 60,
    "特攻": 85,
    "防御": 66,
    "特防": 61,
    "速度": 65,
    "总和": 418,
    "学习力掉落": "体力+1特攻+1"
  },
  {
    "序号": 327,
    "名称": "塞拉兔",
    "体力": 101,
    "攻击": 80,
    "特攻": 110,
    "防御": 86,
    "特防": 81,
    "速度": 85,
    "总和": 543,
    "学习力掉落": "体力+1特攻+2"
  },
  {
    "序号": 328,
    "名称": "辛克",
    "体力": 65,
    "攻击": 37,
    "特攻": 60,
    "防御": 36,
    "特防": 69,
    "速度": 60,
    "总和": 327,
    "学习力掉落": "特防+1"
  },
  {
    "序号": 329,
    "名称": "辛娜斯",
    "体力": 95,
    "攻击": 72,
    "特攻": 95,
    "防御": 71,
    "特防": 104,
    "速度": 95,
    "总和": 532,
    "学习力掉落": "特防+2"
  },
  {
    "序号": 330,
    "名称": "伊达",
    "体力": 60,
    "攻击": 54,
    "特攻": 42,
    "防御": 70,
    "特防": 39,
    "速度": 34,
    "总和": 299,
    "学习力掉落": "防御+1"
  },
  {
    "序号": 331,
    "名称": "哈伊卡",
    "体力": 90,
    "攻击": 94,
    "特攻": 82,
    "防御": 105,
    "特防": 74,
    "速度": 69,
    "总和": 514,
    "学习力掉落": "防御+2"
  },
  {
    "序号": 332,
    "名称": "烈炎兽",
    "体力": 63,
    "攻击": 57,
    "特攻": 57,
    "防御": 48,
    "特防": 50,
    "速度": 41,
    "总和": 316,
    "学习力掉落": "特攻+1"
  },
  {
    "序号": 333,
    "名称": "艮米拉",
    "体力": 83,
    "攻击": 67,
    "特攻": 77,
    "防御": 68,
    "特防": 70,
    "速度": 51,
    "总和": 416,
    "学习力掉落": "特攻+1特防+1"
  },
  {
    "序号": 334,
    "名称": "多鲁鲁斯",
    "体力": 113,
    "攻击": 87,
    "特攻": 102,
    "防御": 98,
    "特防": 100,
    "速度": 71,
    "总和": 571,
    "学习力掉落": "防御+1特攻+1特防+1"
  },
  {
    "序号": 335,
    "名称": "赤甲虫",
    "体力": 62,
    "攻击": 61,
    "特攻": 42,
    "防御": 43,
    "特防": 54,
    "速度": 56,
    "总和": 318,
    "学习力掉落": "攻击+1"
  },
  {
    "序号": 336,
    "名称": "赤贝利",
    "体力": 82,
    "攻击": 81,
    "特攻": 57,
    "防御": 58,
    "特防": 74,
    "速度": 71,
    "总和": 423,
    "学习力掉落": "攻击+1特防+1"
  },
  {
    "序号": 337,
    "名称": "赤西西比",
    "体力": 107,
    "攻击": 106,
    "特攻": 77,
    "防御": 78,
    "特防": 99,
    "速度": 91,
    "总和": 558,
    "学习力掉落": "体力+1攻击+1特防+1"
  },
  {
    "序号": 338,
    "名称": "多塔",
    "体力": 60,
    "攻击": 60,
    "特攻": 60,
    "防御": 50,
    "特防": 50,
    "速度": 45,
    "总和": 325,
    "学习力掉落": "攻击+1"
  },
  {
    "序号": 339,
    "名称": "托雷亚",
    "体力": 80,
    "攻击": 80,
    "特攻": 80,
    "防御": 65,
    "特防": 65,
    "速度": 60,
    "总和": 430,
    "学习力掉落": "攻击+1特攻+1"
  },
  {
    "序号": 340,
    "名称": "托雷塔斯",
    "体力": 110,
    "攻击": 110,
    "特攻": 110,
    "防御": 90,
    "特防": 90,
    "速度": 85,
    "总和": 595,
    "学习力掉落": "体力+1攻击+1特攻+1"
  },
  {
    "序号": 341,
    "名称": "索尔",
    "体力": 55,
    "攻击": 51,
    "特攻": 60,
    "防御": 42,
    "特防": 48,
    "速度": 60,
    "总和": 316,
    "学习力掉落": "特攻+1"
  },
  {
    "序号": 342,
    "名称": "索米亚",
    "体力": 75,
    "攻击": 71,
    "特攻": 80,
    "防御": 57,
    "特防": 68,
    "速度": 75,
    "总和": 426,
    "学习力掉落": "攻击+1特攻+1"
  },
  {
    "序号": 343,
    "名称": "索比拉特",
    "体力": 105,
    "攻击": 101,
    "特攻": 110,
    "防御": 82,
    "特防": 88,
    "速度": 100,
    "总和": 586,
    "学习力掉落": "攻击+1特攻+1速度+1"
  },
  {
    "序号": 344,
    "名称": "幼镰鸟",
    "体力": 62,
    "攻击": 58,
    "特攻": 54,
    "防御": 52,
    "特防": 46,
    "速度": 63,
    "总和": 335,
    "学习力掉落": "攻击+1"
  },
  {
    "序号": 345,
    "名称": "巨镰鸟",
    "体力": 102,
    "攻击": 108,
    "特攻": 89,
    "防御": 82,
    "特防": 76,
    "速度": 103,
    "总和": 560,
    "学习力掉落": "攻击+1速度+1"
  },
  {
    "序号": 346,
    "名称": "宝贝鲤",
    "体力": 90,
    "攻击": 50,
    "特攻": 57,
    "防御": 43,
    "特防": 50,
    "速度": 55,
    "总和": 345,
    "学习力掉落": "特攻+1"
  },
  {
    "序号": 347,
    "名称": "远古鱼龙",
    "体力": 125,
    "攻击": 100,
    "特攻": 117,
    "防御": 73,
    "特防": 95,
    "速度": 90,
    "总和": 600,
    "学习力掉落": "体力+1特攻+1"
  },
  {
    "序号": 348,
    "名称": "小犬苗",
    "体力": 60,
    "攻击": 68,
    "特攻": 50,
    "防御": 56,
    "特防": 50,
    "速度": 46,
    "总和": 330,
    "学习力掉落": "攻击+1"
  },
  {
    "序号": 349,
    "名称": "天才犬",
    "体力": 80,
    "攻击": 88,
    "特攻": 70,
    "防御": 71,
    "特防": 65,
    "速度": 66,
    "总和": 440,
    "学习力掉落": "攻击+1防御+1"
  },
  {
    "序号": 350,
    "名称": "夏洛犬",
    "体力": 110,
    "攻击": 118,
    "特攻": 95,
    "防御": 91,
    "特防": 85,
    "速度": 91,
    "总和": 590,
    "学习力掉落": "攻击+1防御+1速度+1"
  },
  {
    "序号": 351,
    "名称": "磁碟怪",
    "体力": 63,
    "攻击": 53,
    "特攻": 49,
    "防御": 59,
    "特防": 59,
    "速度": 60,
    "总和": 343,
    "学习力掉落": "防御+1"
  },
  {
    "序号": 352,
    "名称": "双碟怪",
    "体力": 83,
    "攻击": 68,
    "特攻": 64,
    "防御": 79,
    "特防": 79,
    "速度": 75,
    "总和": 448,
    "学习力掉落": "防御+1特防+1"
  },
  {
    "序号": 353,
    "名称": "迪斯凯特",
    "体力": 108,
    "攻击": 88,
    "特攻": 84,
    "防御": 104,
    "特防": 104,
    "速度": 95,
    "总和": 583,
    "学习力掉落": "体力+1防御+1速度+1"
  },
  {
    "序号": 354,
    "名称": "克鲁",
    "体力": 61,
    "攻击": 55,
    "特攻": 50,
    "防御": 52,
    "特防": 44,
    "速度": 43,
    "总和": 305,
    "学习力掉落": "攻击+1"
  },
  {
    "序号": 355,
    "名称": "加鲁卡",
    "体力": 81,
    "攻击": 80,
    "特攻": 65,
    "防御": 72,
    "特防": 59,
    "速度": 53,
    "总和": 410,
    "学习力掉落": "攻击+1防御+1"
  },
  {
    "序号": 356,
    "名称": "斯加尔卡",
    "体力": 111,
    "攻击": 115,
    "特攻": 90,
    "防御": 102,
    "特防": 84,
    "速度": 73,
    "总和": 575,
    "学习力掉落": "体力+1攻击+1防御+1"
  },
  {
    "序号": 357,
    "名称": "布林",
    "体力": 60,
    "攻击": 58,
    "特攻": 48,
    "防御": 44,
    "特防": 42,
    "速度": 45,
    "总和": 297,
    "学习力掉落": "攻击+1"
  },
  {
    "序号": 358,
    "名称": "布林多",
    "体力": 80,
    "攻击": 83,
    "特攻": 68,
    "防御": 64,
    "特防": 57,
    "速度": 65,
    "总和": 417,
    "学习力掉落": "体力+1攻击+1"
  },
  {
    "序号": 359,
    "名称": "布林克克",
    "体力": 110,
    "攻击": 118,
    "特攻": 98,
    "防御": 94,
    "特防": 82,
    "速度": 90,
    "总和": 592,
    "学习力掉落": "体力+1攻击+2"
  },
  {
    "序号": 360,
    "名称": "艾米",
    "体力": 60,
    "攻击": 61,
    "特攻": 65,
    "防御": 55,
    "特防": 55,
    "速度": 42,
    "总和": 338,
    "学习力掉落": "特攻+1"
  },
  {
    "序号": 361,
    "名称": "艾丝柏",
    "体力": 110,
    "攻击": 95,
    "特攻": 100,
    "防御": 90,
    "特防": 90,
    "速度": 72,
    "总和": 557,
    "学习力掉落": "攻击+1特攻+1"
  },
  {
    "序号": 362,
    "名称": "丘波",
    "体力": 65,
    "攻击": 45,
    "特攻": 62,
    "防御": 52,
    "特防": 48,
    "速度": 51,
    "总和": 323,
    "学习力掉落": "特攻+1"
  },
  {
    "序号": 363,
    "名称": "鲁比克",
    "体力": 105,
    "攻击": 85,
    "特攻": 102,
    "防御": 87,
    "特防": 83,
    "速度": 91,
    "总和": 553,
    "学习力掉落": "体力+1特攻+1"
  },
  {
    "序号": 364,
    "名称": "琪可",
    "体力": 50,
    "攻击": 68,
    "特攻": 50,
    "防御": 45,
    "特防": 47,
    "速度": 65,
    "总和": 325,
    "学习力掉落": "攻击+1"
  },
  {
    "序号": 365,
    "名称": "火爆鼠",
    "体力": 95,
    "攻击": 108,
    "特攻": 85,
    "防御": 85,
    "特防": 87,
    "速度": 100,
    "总和": 560,
    "学习力掉落": "攻击+1速度+1"
  },
  {
    "序号": 366,
    "名称": "呆呆蛹",
    "体力": 94,
    "攻击": 45,
    "特攻": 30,
    "防御": 70,
    "特防": 70,
    "速度": 35,
    "总和": 344,
    "学习力掉落": "体力+1"
  },
  {
    "序号": 367,
    "名称": "海纹蝶",
    "体力": 118,
    "攻击": 82,
    "特攻": 102,
    "防御": 85,
    "特防": 90,
    "速度": 88,
    "总和": 565,
    "学习力掉落": "防御+1特防+1"
  },
  {
    "序号": 368,
    "名称": "炽翼蝶",
    "体力": 102,
    "攻击": 88,
    "特攻": 115,
    "防御": 75,
    "特防": 75,
    "速度": 105,
    "总和": 560,
    "学习力掉落": "特攻+1速度+1"
  },
  {
    "序号": 369,
    "名称": "橡木蝶",
    "体力": 110,
    "攻击": 80,
    "特攻": 80,
    "防御": 99,
    "特防": 115,
    "速度": 76,
    "总和": 560,
    "学习力掉落": "体力+1攻击+1"
  },
  {
    "序号": 370,
    "名称": "奎尼",
    "体力": 65,
    "攻击": 60,
    "特攻": 70,
    "防御": 62,
    "特防": 54,
    "速度": 44,
    "总和": 355,
    "学习力掉落": "攻击+1"
  },
  {
    "序号": 371,
    "名称": "奎斯多",
    "体力": 90,
    "攻击": 75,
    "特攻": 82,
    "防御": 72,
    "特防": 71,
    "速度": 64,
    "总和": 454,
    "学习力掉落": "体力+1攻击+1"
  },
  {
    "序号": 372,
    "名称": "奎比历斯",
    "体力": 115,
    "攻击": 90,
    "特攻": 102,
    "防御": 92,
    "特防": 84,
    "速度": 88,
    "总和": 571,
    "学习力掉落": "体力+1攻击+1特攻+1"
  },
  {
    "序号": 373,
    "名称": "莫顿",
    "体力": 55,
    "攻击": 40,
    "特攻": 58,
    "防御": 48,
    "特防": 52,
    "速度": 52,
    "总和": 305,
    "学习力掉落": "防御+1"
  },
  {
    "序号": 374,
    "名称": "古利安",
    "体力": 98,
    "攻击": 95,
    "特攻": 112,
    "防御": 88,
    "特防": 82,
    "速度": 98,
    "总和": 573,
    "学习力掉落": "特攻+1速度+1"
  },
  {
    "序号": 375,
    "名称": "隆米尔",
    "体力": 112,
    "攻击": 84,
    "特攻": 98,
    "防御": 95,
    "特防": 112,
    "速度": 70,
    "总和": 571,
    "学习力掉落": "防御+1特防+1"
  },
  {
    "序号": 376,
    "名称": "寄宿岩",
    "体力": 100,
    "攻击": 51,
    "特攻": 45,
    "防御": 70,
    "特防": 55,
    "速度": 40,
    "总和": 361,
    "学习力掉落": "防御+1"
  },
  {
    "序号": 377,
    "名称": "宿主岩",
    "体力": 130,
    "攻击": 91,
    "特攻": 75,
    "防御": 120,
    "特防": 85,
    "速度": 70,
    "总和": 571,
    "学习力掉落": "体力+1防御+1"
  },
  {
    "序号": 378,
    "名称": "凯奴",
    "体力": 70,
    "攻击": 50,
    "特攻": 58,
    "防御": 45,
    "特防": 55,
    "速度": 55,
    "总和": 333,
    "学习力掉落": "特攻+1"
  },
  {
    "序号": 379,
    "名称": "凯瑟琳",
    "体力": 85,
    "攻击": 65,
    "特攻": 78,
    "防御": 60,
    "特防": 70,
    "速度": 75,
    "总和": 433,
    "学习力掉落": "特攻+1特防+1"
  },
  {
    "序号": 380,
    "名称": "凯凯西朴",
    "体力": 105,
    "攻击": 85,
    "特攻": 108,
    "防御": 80,
    "特防": 90,
    "速度": 105,
    "总和": 573,
    "学习力掉落": "特攻+1特防+1速度+1"
  },
  {
    "序号": 381,
    "名称": "史空",
    "体力": 66,
    "攻击": 54,
    "特攻": 60,
    "防御": 52,
    "特防": 82,
    "速度": 55,
    "总和": 369,
    "学习力掉落": "特防+1"
  },
  {
    "序号": 382,
    "名称": "史拉达",
    "体力": 106,
    "攻击": 84,
    "特攻": 100,
    "防御": 82,
    "特防": 112,
    "速度": 85,
    "总和": 569,
    "学习力掉落": "体力+1特防+1"
  },
  {
    "序号": 383,
    "名称": "波比",
    "体力": 80,
    "攻击": 62,
    "特攻": 50,
    "防御": 62,
    "特防": 50,
    "速度": 51,
    "总和": 355,
    "学习力掉落": "攻击+1"
  },
  {
    "序号": 384,
    "名称": "波戈",
    "体力": 120,
    "攻击": 102,
    "特攻": 85,
    "防御": 102,
    "特防": 85,
    "速度": 86,
    "总和": 580,
    "学习力掉落": "攻击+1防御+1"
  },
  {
    "序号": 385,
    "名称": "基摩",
    "体力": 75,
    "攻击": 75,
    "特攻": 60,
    "防御": 60,
    "特防": 45,
    "速度": 60,
    "总和": 375,
    "学习力掉落": "攻击+1"
  },
  {
    "序号": 386,
    "名称": "基维奥拉",
    "体力": 115,
    "攻击": 115,
    "特攻": 90,
    "防御": 90,
    "特防": 75,
    "速度": 90,
    "总和": 575,
    "学习力掉落": "攻击+2"
  },
  {
    "序号": 387,
    "名称": "辛诺",
    "体力": 75,
    "攻击": 30,
    "特攻": 40,
    "防御": 65,
    "特防": 72,
    "速度": 28,
    "总和": 310,
    "学习力掉落": "体力+1"
  },
  {
    "序号": 388,
    "名称": "辛诺瓦",
    "体力": 90,
    "攻击": 50,
    "特攻": 60,
    "防御": 85,
    "特防": 92,
    "速度": 38,
    "总和": 415,
    "学习力掉落": "体力+1攻击+1"
  },
  {
    "序号": 389,
    "名称": "辛奇帕克",
    "体力": 125,
    "攻击": 75,
    "特攻": 90,
    "防御": 110,
    "特防": 117,
    "速度": 53,
    "总和": 570,
    "学习力掉落": "体力+1攻击+1防御+1"
  },
  {
    "序号": 390,
    "名称": "塔拉",
    "体力": 85,
    "攻击": 69,
    "特攻": 80,
    "防御": 50,
    "特防": 80,
    "速度": 52,
    "总和": 416,
    "学习力掉落": "特攻+1"
  },
  {
    "序号": 391,
    "名称": "塔西亚",
    "体力": 120,
    "攻击": 95,
    "特攻": 118,
    "防御": 80,
    "特防": 110,
    "速度": 82,
    "总和": 605,
    "学习力掉落": "特攻+1特防+1"
  },
  {
    "序号": 392,
    "名称": "夏伏兽",
    "体力": 85,
    "攻击": 58,
    "特攻": 52,
    "防御": 50,
    "特防": 45,
    "速度": 55,
    "总和": 345,
    "学习力掉落": "攻击+1"
  },
  {
    "序号": 393,
    "名称": "上古炎兽",
    "体力": 120,
    "攻击": 118,
    "特攻": 102,
    "防御": 95,
    "特防": 75,
    "速度": 90,
    "总和": 600,
    "学习力掉落": "攻击+1防御+1"
  },
  {
    "序号": 394,
    "名称": "嗡嗡茧",
    "体力": 58,
    "攻击": 61,
    "特攻": 51,
    "防御": 44,
    "特防": 45,
    "速度": 56,
    "总和": 315,
    "学习力掉落": "攻击+1"
  },
  {
    "序号": 395,
    "名称": "嗡嗡蝴",
    "体力": 78,
    "攻击": 81,
    "特攻": 71,
    "防御": 59,
    "特防": 60,
    "速度": 76,
    "总和": 425,
    "学习力掉落": "攻击+1速度+1"
  },
  {
    "序号": 396,
    "名称": "龙须蝴",
    "体力": 108,
    "攻击": 106,
    "特攻": 96,
    "防御": 79,
    "特防": 80,
    "速度": 101,
    "总和": 570,
    "学习力掉落": "体力+1攻击+1速度+1"
  },
  {
    "序号": 397,
    "名称": "杰奥",
    "体力": 62,
    "攻击": 68,
    "特攻": 56,
    "防御": 52,
    "特防": 56,
    "速度": 46,
    "总和": 340,
    "学习力掉落": "体力+1"
  },
  {
    "序号": 398,
    "名称": "杰拉德",
    "体力": 112,
    "攻击": 118,
    "特攻": 86,
    "防御": 102,
    "特防": 86,
    "速度": 76,
    "总和": 580,
    "学习力掉落": "体力+1攻击+1"
  },
  {
    "序号": 399,
    "名称": "萨拉",
    "体力": 75,
    "攻击": 54,
    "特攻": 74,
    "防御": 49,
    "特防": 61,
    "速度": 67,
    "总和": 380,
    "学习力掉落": "特攻+1"
  },
  {
    "序号": 400,
    "名称": "萨帕克",
    "体力": 110,
    "攻击": 89,
    "特攻": 114,
    "防御": 79,
    "特防": 101,
    "速度": 97,
    "总和": 590,
    "学习力掉落": "体力+1特攻+1"
  }
]